residue,label,rmsf_nm
1,H:GLU1,0.162605
2,H:VAL2,0.120895
3,H:GLN3,0.118769
4,H:LEU4,0.095641
5,H:GLN5,0.091841
6,H:GLN6,0.075547
7,H:SER7,0.100529
8,H:GLY8,0.142529
9,H:ALA9,0.125501
10,H:GLU10,0.131037
11,H:LEU11,0.157813
12,H:ALA12,0.155497
13,H:ARG13,0.177572
14,H:PRO14,0.180665
15,H:GLY15,0.180305
16,H:ALA16,0.156255
17,H:SER17,0.118688
18,H:VAL18,0.097727
19,H:LYS19,0.080770
20,H:MET20,0.075728
21,H:SER21,0.078568
22,H:CYS22,0.074478
23,H:LYS23,0.085393
24,H:ALA24,0.091130
25,H:SER25,0.104535
26,H:GLY26,0.121062
27,H:TYR27,0.108614
28,H:THR28,0.102051
29,H:PHE29,0.084300
30,H:THR30,0.084519
31,H:SER31,0.089880
32,H:TYR32,0.079622
33,H:THR33,0.071486
34,H:MET34,0.061760
35,H:HIS35,0.056623
36,H:TRP36,0.048324
37,H:VAL37,0.046646
38,H:LYS38,0.051689
39,H:GLN39,0.060688
40,H:ARG40,0.127531
41,H:PRO41,0.177028
42,H:GLY42,0.185051
43,H:GLN43,0.106081
44,H:GLY44,0.081856
45,H:LEU45,0.059953
46,H:GLU46,0.062625
47,H:TRP47,0.056422
48,H:ILE48,0.049803
49,H:GLY49,0.057140
50,H:TYR50,0.058686
51,H:ILE51,0.057626
52,H:ASN52,0.065908
53,H:PRO53,0.080074
54,H:SER54,0.092303
55,H:SER55,0.100491
56,H:GLY56,0.088634
57,H:TYR57,0.080535
58,H:SER58,0.073308
59,H:ASN59,0.089499
60,H:TYR60,0.078295
61,H:ASN61,0.078425
62,H:GLN62,0.103784
63,H:LYS63,0.105356
64,H:PHE64,0.085588
65,H:LYS65,0.093949
66,H:ASP66,0.105881
67,H:LYS67,0.091067
68,H:ALA68,0.077818
69,H:THR69,0.067104
70,H:LEU70,0.056367
71,H:THR71,0.062050
72,H:ALA72,0.068808
73,H:ASP73,0.085618
74,H:LYS74,0.093406
75,H:SER75,0.115953
76,H:SER76,0.105111
77,H:SER77,0.091101
78,H:THR78,0.079691
79,H:ALA79,0.070402
80,H:TYR80,0.064394
81,H:MET81,0.056994
82,H:GLN82,0.068956
83,H:LEU83,0.077351
84,H:SER84,0.099843
85,H:SER85,0.156260
86,H:LEU86,0.140155
87,H:THR87,0.148949
88,H:SER88,0.153050
89,H:GLU89,0.136007
90,H:ASP90,0.104985
91,H:SER91,0.107777
92,H:ALA92,0.086520
93,H:VAL93,0.075272
94,H:TYR94,0.059401
95,H:TYR95,0.058481
96,H:CYS96,0.058864
97,H:SER97,0.068547
98,H:ARG98,0.068322
99,H:TYR99,0.076357
100,H:ASP100,0.090517
101,H:PHE101,0.108682
102,H:TYR102,0.128125
103,H:ALA103,0.135123
104,H:ALA104,0.132063
105,H:TRP105,0.104772
106,H:ALA106,0.089235
107,H:PHE107,0.072439
108,H:ASP108,0.087294
109,H:TYR109,0.084847
110,H:TRP110,0.077345
111,H:GLY111,0.080076
112,H:GLN112,0.090516
113,H:GLY113,0.080912
114,H:SER114,0.089146
115,H:THR115,0.101642
116,H:LEU116,0.102997
117,H:THR117,0.139499
118,H:VAL118,0.152686
119,H:SER119,0.203123
120,H:SER120,0.248440
121,L:GLU1,0.201839
122,L:ILE2,0.136617
123,L:VAL3,0.115996
124,L:LEU4,0.090438
125,L:THR5,0.091605
126,L:GLN6,0.079635
127,L:SER7,0.093959
128,L:PRO8,0.097778
129,L:ALA9,0.093889
130,L:ILE10,0.095545
131,L:THR11,0.105290
132,L:ALA12,0.122094
133,L:ALA13,0.126837
134,L:SER14,0.141004
135,L:LEU15,0.151626
136,L:GLY16,0.149377
137,L:GLN17,0.131021
138,L:LYS18,0.118518
139,L:VAL19,0.102377
140,L:THR20,0.089784
141,L:ILE21,0.075513
142,L:THR22,0.073140
143,L:CYS23,0.065511
144,L:SER24,0.092263
145,L:ALA25,0.105579
146,L:SER26,0.135693
147,L:SER27,0.157793
148,L:SER28,0.148233
149,L:VAL29,0.135249
150,L:SER30,0.148927
151,L:TYR31,0.122339
152,L:MET32,0.091905
153,L:HIS33,0.083726
154,L:TRP34,0.078689
155,L:TYR35,0.078971
156,L:GLN36,0.086089
157,L:GLN37,0.088594
158,L:LYS38,0.102579
159,L:SER39,0.116988
160,L:GLY40,0.132959
161,L:THR41,0.108853
162,L:SER42,0.099145
163,L:PRO43,0.087336
164,L:LYS44,0.099431
165,L:PRO45,0.097768
166,L:TRP46,0.101172
167,L:ILE47,0.104658
168,L:TYR48,0.136931
169,L:GLU49,0.143155
170,L:ILE50,0.125047
171,L:SER51,0.130599
172,L:LYS52,0.137154
173,L:LEU53,0.131194
174,L:ALA54,0.133207
175,L:SER55,0.165444
176,L:GLY56,0.172390
177,L:VAL57,0.140914
178,L:PRO58,0.144691
179,L:ALA59,0.150628
180,L:ARG60,0.137397
181,L:PHE61,0.116076
182,L:SER62,0.112554
183,L:GLY63,0.110186
184,L:SER64,0.112011
185,L:GLY65,0.113291
186,L:SER66,0.138164
187,L:GLY67,0.147369
188,L:THR68,0.123821
189,L:SER69,0.098078
190,L:TYR70,0.081285
191,L:SER71,0.080374
192,L:LEU72,0.082305
193,L:THR73,0.092654
194,L:ILE74,0.105623
195,L:SER75,0.120310
196,L:SER76,0.128410
197,L:MET77,0.123634
198,L:GLU78,0.138014
199,L:ALA79,0.144477
200,L:GLU80,0.145476
201,L:ASP81,0.120928
202,L:ALA82,0.117622
203,L:ALA83,0.099534
204,L:ILE84,0.080941
205,L:TYR85,0.073383
206,L:TYR86,0.062843
207,L:CYS87,0.063947
208,L:GLN88,0.057540
209,L:GLN89,0.074619
210,L:TRP90,0.095212
211,L:ASP91,0.098839
212,L:SER92,0.106053
213,L:PRO93,0.084694
214,L:MET94,0.070327
215,L:PHE95,0.056872
216,L:PHE96,0.057219
217,L:GLY97,0.067950
218,L:SER98,0.075477
219,L:GLY99,0.068271
220,L:THR100,0.069115
221,L:LYS101,0.085345
222,L:LEU102,0.092797
223,L:GLU103,0.119067
224,L:ILE104,0.141077
225,L:LYS105,0.156236
226,A:VAL1,0.396611
227,A:HIS2,0.273059
228,A:GLN3,0.260135
229,A:ALA4,0.190596
230,A:ILE5,0.138856
231,A:SER6,0.149880
232,A:PRO7,0.128589
233,A:ARG8,0.147953
234,A:THR9,0.129334
235,A:LEU10,0.105746
236,A:ASN11,0.126587
237,A:ALA12,0.137484
238,A:TRP13,0.110726
239,A:VAL14,0.121746
240,A:LYS15,0.145979
241,A:VAL16,0.140937
242,A:VAL17,0.128976
243,A:GLU18,0.159660
244,A:GLU19,0.180344
245,A:LYS20,0.164908
246,A:ALA21,0.158544
247,A:PHE22,0.132306
248,A:SER23,0.121502
249,A:PRO24,0.119213
250,A:GLU25,0.120575
251,A:VAL26,0.106280
252,A:ILE27,0.095583
253,A:PRO28,0.119566
254,A:MET29,0.119220
255,A:PHE30,0.095423
256,A:SER31,0.108322
257,A:ALA32,0.130147
258,A:LEU33,0.123886
259,A:SER34,0.112332
260,A:GLU35,0.155001
261,A:GLY36,0.164399
262,A:ALA37,0.114116
263,A:THR38,0.105880
264,A:PRO39,0.089603
265,A:GLN40,0.091744
266,A:ASP41,0.088813
267,A:LEU42,0.074608
268,A:ASN43,0.075225
269,A:THR44,0.079674
270,A:MET45,0.079734
271,A:LEU46,0.083854
272,A:ASN47,0.086452
273,A:THR48,0.088460
274,A:VAL49,0.109572
275,A:GLY50,0.142212
276,A:GLY51,0.146346
277,A:HIS52,0.131601
278,A:GLN53,0.173738
279,A:ALA54,0.192218
280,A:ALA55,0.150378
281,A:MET56,0.121572
282,A:GLN57,0.129203
283,A:MET58,0.121201
284,A:LEU59,0.095500
285,A:LYS60,0.098766
286,A:GLU61,0.120354
287,A:THR62,0.111316
288,A:ILE63,0.101201
289,A:ASN64,0.119134
290,A:GLU65,0.141410
291,A:GLU66,0.122524
292,A:ALA67,0.124519
293,A:ALA68,0.150423
294,A:GLU69,0.155006
295,A:TRP70,0.135354
296,A:ASP71,0.153349
297,A:ARG72,0.174199
298,A:VAL73,0.167288
299,A:HIS74,0.162229
300,A:PRO75,0.255249
301,A:VAL76,0.202872
302,A:HIS77,0.295143
303,A:ALA78,0.406401
304,A:GLY79,0.468752
305,A:PRO80,0.492534
306,A:ILE81,0.430349
307,A:ALA82,0.443346
308,A:PRO83,0.512381
309,A:GLY84,0.474482
310,A:GLN85,0.377891
311,A:MET86,0.234064
312,A:ARG87,0.202332
313,A:GLU88,0.167498
314,A:PRO89,0.132904
315,A:ARG90,0.131832
316,A:GLY91,0.122010
317,A:SER92,0.121521
318,A:ASP93,0.114106
319,A:ILE94,0.099971
320,A:ALA95,0.101287
321,A:GLY96,0.106927
322,A:THR97,0.123838
323,A:THR98,0.132977
324,A:SER99,0.126983
325,A:THR100,0.148003
326,A:LEU101,0.149264
327,A:GLN102,0.159293
328,A:GLU103,0.140922
329,A:GLN104,0.127013
330,A:ILE105,0.153580
331,A:GLY106,0.162519
332,A:TRP107,0.149821
333,A:MET108,0.160312
334,A:THR109,0.190658
335,A:ASN110,0.193491
336,A:ASN111,0.230184
337,A:PRO112,0.224249
338,A:PRO113,0.179235
339,A:ILE114,0.147324
340,A:PRO115,0.126369
341,A:VAL116,0.105056
342,A:GLY117,0.098939
343,A:GLU118,0.093943
344,A:ILE119,0.088329
345,A:TYR120,0.077522
346,A:LYS121,0.072290
347,A:ARG122,0.075900
348,A:TRP123,0.078157
349,A:ILE124,0.067042
350,A:ILE125,0.067892
351,A:LEU126,0.080027
352,A:GLY127,0.087246
353,A:LEU128,0.079454
354,A:ASN129,0.078063
355,A:LYS130,0.091803
356,A:ILE131,0.094821
357,A:VAL132,0.090964
358,A:ARG133,0.092116
359,A:MET134,0.116446
360,A:TYR135,0.122225
361,A:SER136,0.128443
362,A:PRO137,0.119079
363,A:THR138,0.103009
364,A:SER139,0.088974
365,A:ILE140,0.082797
366,A:LEU141,0.091867
367,A:ASP142,0.080952
368,A:ILE143,0.083865
369,A:ARG144,0.084706
370,A:GLN145,0.092465
371,A:GLY146,0.110287
372,A:PRO147,0.134756
373,A:LYS148,0.135063
374,A:GLU149,0.116106
375,A:PRO150,0.127772
376,A:PHE151,0.119390
377,A:ARG152,0.128153
378,A:ASP153,0.120859
379,A:TYR154,0.101194
380,A:VAL155,0.103809
381,A:ASP156,0.117811
382,A:ARG157,0.111650
383,A:PHE158,0.099384
384,A:TYR159,0.114815
385,A:LYS160,0.121825
386,A:THR161,0.104133
387,A:LEU162,0.109496
388,A:ARG163,0.120827
389,A:ALA164,0.116321
390,A:GLU165,0.102525
391,A:GLN166,0.108448
392,A:ALA167,0.123185
393,A:SER168,0.154224
394,A:GLN169,0.162344
395,A:GLU170,0.164127
396,A:VAL171,0.137744
397,A:LYS172,0.127055
398,A:ASN173,0.146462
399,A:TRP174,0.132590
400,A:MET175,0.108684
401,A:THR176,0.121251
402,A:GLU177,0.135607
403,A:THR178,0.107128
404,A:LEU179,0.086339
405,A:LEU180,0.098462
406,A:VAL181,0.096362
407,A:GLN182,0.089205
408,A:ASN183,0.084754
409,A:ALA184,0.093403
410,A:ASN185,0.111062
411,A:PRO186,0.142000
412,A:ASP187,0.160750
413,A:CYS188,0.138626
414,A:LYS189,0.132294
415,A:THR190,0.170587
416,A:ILE191,0.177439
417,A:LEU192,0.161168
418,A:LYS193,0.185374
419,A:ALA194,0.210853
420,A:LEU195,0.208399
421,A:GLY196,0.223138
422,A:PRO197,0.260924
423,A:ALA198,0.275472
424,A:ALA199,0.230194
425,A:THR200,0.218040
426,A:LEU201,0.188273
427,A:GLU202,0.203733
428,A:GLU203,0.199809
429,A:MET204,0.159846
430,A:MET205,0.159043
431,A:THR206,0.190350
432,A:ALA207,0.176107
433,A:CYS208,0.149798
434,A:GLN209,0.182571
435,A:GLY210,0.284503
