step,time_ps,rmsd_nm,radius_of_gyration_nm,potential_energy_kjmol,kinetic_energy_kjmol,interface_distance_nm
50,0.1,0.046645642019390504,0.9742721671401207,-2892.8270218372345,2359.154680451378,0.0
100,0.2,0.06442821072075411,0.98137766530889,-2837.102698326111,2398.701957596466,0.0
150,0.3,0.07941250148443191,0.9880724412361419,-2823.174763560295,2509.454980781302,0.0
200,0.4,0.08599132843624539,0.9906324412768653,-2592.6738288402557,2402.7004898041487,0.0
250,0.5,0.09115305561124956,0.9906763729239344,-2703.267551869154,2460.062297295779,0.0
300,0.6,0.09281225465927219,0.9886125428023333,-2617.9902062416077,2330.742397312075,0.0
350,0.7,0.09712182592327019,0.9869928141616636,-2695.574834406376,2422.4033601880074,0.0
400,0.8,0.10174438715008345,0.9843891121389062,-2794.7601714134216,2533.0193131044507,0.0
450,0.9,0.10840312478341638,0.9809188429398678,-2785.579658508301,2412.9306211862713,0.0
500,1.0,0.11150393313667122,0.9773887374459471,-2769.8642859458923,2417.3510282561183,0.0
550,1.1,0.11642653531726106,0.9762961318822283,-2518.4610726833344,2298.1597419455647,0.0
600,1.2,0.12129609410258058,0.9740558587033797,-2667.2397649288177,2486.725627642125,0.0
650,1.3,0.12720503158323082,0.9715457049149944,-2634.212913751602,2467.601467578672,0.0
700,1.4,0.13195938278045954,0.9696784484786604,-2810.1197848320007,2520.1337585095316,0.0
750,1.5,0.13553197982107104,0.9676218453535337,-2616.728402554989,2390.372476289049,0.0
800,1.6,0.13635298052095254,0.9699035428935792,-2642.431786298752,2410.7786897346377,0.0
850,1.7,0.1333686236147168,0.9712996946131834,-2730.647362321615,2439.43496966525,0.0
900,1.8,0.13247574041252605,0.9737111226255832,-2747.133989930153,2398.886328242719,0.0
950,1.9,0.13289478056856777,0.9770404984474675,-2742.758980989456,2446.502680402249,0.0
1000,2.0,0.13511950565000733,0.9768502181140405,-2646.896850347519,2439.7501231506467,0.0
1050,2.1,0.13885140551530634,0.9762532829906221,-2511.3621320724487,2370.975686825812,0.0
1100,2.2,0.14427684884004455,0.9768152027941807,-2673.117994070053,2456.9462499972433,0.0
1150,2.3,0.1467415348429644,0.9769835359154126,-2597.770822763443,2361.270015455084,0.0
1200,2.4,0.15202537123607626,0.9753237391208899,-2578.5590121746063,2418.5020665619522,0.0
1250,2.5,0.15353315691416805,0.9755896216067582,-2728.0679236650467,2530.8382560908794,0.0
1300,2.6,0.15821784656784155,0.9753634925890586,-2638.3448135107756,2449.237247455865,0.0
1350,2.7,0.15943539116877944,0.975595141486346,-2577.0067600011826,2387.7283222712576,0.0
1400,2.8,0.15988582664677473,0.9793507004528296,-2635.686081647873,2487.657435450703,0.0
1450,2.9,0.15994576638203903,0.9788350734026661,-2570.880279660225,2515.639886073768,0.0
1500,3.0,0.15773488134538807,0.975486541960748,-2621.0136449337006,2520.0033543631434,0.0
1550,3.1,0.1536986329676424,0.9723168790289106,-2609.53633415699,2625.7756262533367,0.0
1600,3.2,0.14934671140595432,0.9691119465730974,-2591.325236082077,2565.0499960845336,0.0
1650,3.3,0.14581078181340537,0.9675727876335105,-2543.6934266090393,2579.250798038207,0.0
1700,3.4,0.14105012527256192,0.9703463087010801,-2564.8612146377563,2616.7224742043763,0.0
1750,3.5,0.1365732736857121,0.976272163807115,-2591.7847801446915,2537.6858115103096,0.0
1800,3.6,0.1348215452853257,0.9835766368525948,-2612.9465740919113,2538.1816334612668,0.0
1850,3.7,0.13443952226836373,0.986837777839289,-2650.540241241455,2596.532007217407,0.0
1900,3.8,0.13251420305860953,0.9854948634493833,-2592.9413385391235,2647.1061691381037,0.0
1950,3.9,0.12856391801870962,0.9832105669811461,-2475.421352684498,2462.4821668919176,0.0
2000,4.0,0.12392602794170471,0.9807970968523375,-2471.12238407135,2491.2295895637944,0.0
2050,4.1,0.12106646612350971,0.9813145113836658,-2506.779030442238,2405.808597445488,0.0
2100,4.2,0.11836119764496873,0.978934503390443,-2580.0733292102814,2529.8352265628055,0.0
2150,4.3,0.11739021551168197,0.9773368123573407,-2624.215573310852,2536.494669377804,0.0
2200,4.4,0.11865265878296408,0.9760766735899529,-2617.6021859645844,2593.084297350608,0.0
2250,4.5,0.11699629675288266,0.9748020559149189,-2609.142005085945,2486.430961372331,0.0
2300,4.6,0.11464614934286019,0.976802422867807,-2543.626335144043,2403.791710184887,0.0
2350,4.7,0.11067442579679605,0.9765841711870437,-2569.7623801231384,2464.3973631169647,0.0
2400,4.8,0.10499611078823243,0.9748713729943972,-2671.1612935066223,2472.898305395618,0.0
2450,4.9,0.1026872057169313,0.9748329440477843,-2611.984941005707,2433.704271967523,0.0
2500,5.0,0.0994431091457042,0.9761984058332736,-2672.4864869117737,2525.186651419848,0.0
2550,5.1,0.09870104447258679,0.9781849640885649,-2682.505853176117,2470.804329741746,0.0
2600,5.2,0.10224243945890749,0.983961278460991,-2696.7028255462646,2450.341422325,0.0
2650,5.3,0.10000051202109855,0.9852105507520118,-2692.8470747470856,2443.128508426249,0.0
2700,5.4,0.09756493739552753,0.9862070627426369,-2711.897806406021,2445.5257286652923,0.0
2750,5.5,0.09549702061094315,0.9877835926741948,-2760.627068758011,2549.3542178338394,0.0
2800,5.6,0.09544408581163909,0.9878221179249186,-2708.9461200237274,2465.199865806848,0.0
2850,5.7,0.09751997240265259,0.9869523090219937,-2629.945672273636,2380.4606221527793,0.0
2900,5.8,0.10188640037178369,0.9833757872448909,-2703.534850358963,2596.985200121999,0.0
2950,5.9,0.10575342111719838,0.9824478757246204,-2697.9180102348328,2565.8182998150587,0.0
3000,6.0,0.10549166810874894,0.9803707135515862,-2633.419003531337,2509.223862970248,0.0
3050,6.1,0.10355037898452286,0.9818272096191204,-2591.966517493129,2399.9706978797913,0.0
3100,6.2,0.10193153102182648,0.9822872829843023,-2725.42493622005,2531.7986842505634,0.0
3150,6.3,0.10138952424149361,0.984596138486104,-2678.986639007926,2480.7217311095446,0.0
3200,6.4,0.10812073396922896,0.9855158146801878,-2747.8388471603394,2527.7761862426996,0.0
3250,6.5,0.11389732889424738,0.988041188497847,-2839.8657641410828,2586.3332814872265,0.0
3300,6.6,0.12193247239321116,0.990777992245987,-2637.752687931061,2475.980697816238,0.0
3350,6.7,0.1301106783236979,0.9942734196782114,-2639.8507979512215,2449.86136426311,0.0
3400,6.8,0.13365654603072724,0.9986915431375673,-2700.1170088648796,2390.9838305916637,0.0
3450,6.9,0.13821875182214188,1.003224098680633,-2617.822793662548,2466.096559446538,0.0
3500,7.0,0.14252667453109438,1.0039217902834943,-2640.360939502716,2418.3387775626034,0.0
3550,7.1,0.1431489322184772,1.003199692377601,-2695.7793860435486,2370.9191405698657,0.0
3600,7.2,0.14309692489231823,1.0010402562462999,-2572.3529460430145,2296.311213873327,0.0
3650,7.3,0.14255340817834014,1.0002762938659404,-2704.7556936740875,2453.405873950571,0.0
3700,7.4,0.14274195239931323,1.0002516322204489,-2698.4909496307373,2409.001811784692,0.0
3750,7.5,0.14076247936646802,1.0028940511022872,-2580.044063806534,2349.9167814962566,0.0
3800,7.6,0.13757815970911982,1.0026915161619154,-2753.19840747118,2469.9863169956952,0.0
3850,7.7,0.1367572563567958,1.0020708091003487,-2645.711205840111,2331.760827244725,0.0
3900,7.8,0.13340035089096744,1.0019461934848137,-2840.5736604332924,2447.521315889433,0.0
3950,7.9,0.1332464335482894,1.0007607163685173,-2690.159460425377,2401.21136292303,0.0
4000,8.0,0.13317985009768718,1.0022828574291267,-2712.9425771832466,2416.2622019741684,0.0
4050,8.1,0.13048093793438065,1.004109827572673,-2486.4208249747753,2307.4649319630116,0.0
4100,8.2,0.1267274129138559,1.004913438915926,-2615.304184347391,2496.721990212798,0.0
4150,8.3,0.1214683550215134,1.0055670226842799,-2622.6849687695503,2458.9040405862033,0.0
4200,8.4,0.11915002983374762,1.004724213916617,-2665.5627076029778,2492.7160994959995,0.0
4250,8.5,0.11789143769104918,1.0037609515237207,-2610.7636511325836,2422.418535732664,0.0
4300,8.6,0.1168853679009592,1.0012111279870408,-2605.441649198532,2451.706916511059,0.0
4350,8.7,0.11707201052082765,0.999767587812533,-2620.7670506238937,2467.1056258957833,0.0
4400,8.8,0.11709590630617527,0.9971000611065417,-2608.673893928528,2478.879089985043,0.0
4450,8.9,0.12243898147564658,0.9967945227171137,-2592.911434173584,2485.3948720917106,0.0
4500,9.0,0.12594258043463286,1.0003125819947531,-2661.168686389923,2587.878030480817,0.0
4550,9.1,0.13380630049512934,1.003606262751535,-2649.321690559387,2519.2390040997416,0.0
4600,9.2,0.13967041564905297,1.0056266756571814,-2602.666811823845,2481.1264865212142,0.0
4650,9.3,0.14484515358727162,1.006764784794501,-2579.770384788513,2478.85018619895,0.0
4700,9.4,0.14635349095477682,1.0100705332170579,-2557.769168496132,2555.2012052107602,0.0
4750,9.5,0.14905067091779392,1.0142172909953389,-2508.594134747982,2488.3722178442404,0.0
4800,9.6,0.15146192524956925,1.017667971390807,-2503.6764891147614,2456.7283836118877,0.0
4850,9.7,0.15081319477836125,1.018614911995529,-2396.9171209335327,2443.328887399286,0.0
4900,9.8,0.15105229166089376,1.0183600291553412,-2491.513434410095,2658.8284006752074,0.0
4950,9.9,0.15110022846990928,1.0199949085191642,-2428.384673833847,2671.9374531768262,0.0
5000,10.0,0.15139003029688852,1.0212216892775337,-2499.3798055648804,2607.769077450037,0.0
5050,10.1,0.1511172743203035,1.0215609234579146,-2596.5903549194336,2686.8145550377667,0.0
5100,10.2,0.15003528587774287,1.0226377105874875,-2459.0776221752167,2511.594694521278,0.0
5150,10.3,0.14984656085028958,1.0230126015779848,-2573.0455927848816,2530.991371622309,0.0
5200,10.4,0.14947583011345517,1.0230653673473116,-2608.4083273410797,2631.6965425647795,0.0
5250,10.5,0.15049331870687363,1.0226223286546368,-2700.319666147232,2623.6455727927387,0.0
5300,10.6,0.15156105955036986,1.0208729818423654,-2651.3865442276,2460.4091863557696,0.0
5350,10.7,0.15156181944812241,1.0205397850518154,-2554.8602888584137,2484.2340545561165,0.0
5400,10.8,0.15121214707974803,1.0206476306403842,-2484.2680892944336,2396.2631979472935,0.0
5450,10.9,0.15303339913465264,1.0182821235957735,-2586.3597626686096,2588.171373080462,0.0
5500,11.0,0.15343999499362815,1.0177508897411347,-2568.63285112381,2495.390749529004,0.0
5550,11.1,0.1511181839438042,1.0158232183291915,-2625.044832468033,2612.307978162542,0.0
5600,11.2,0.1531370242905112,1.0162898127304125,-2689.7593824863434,2615.226872589439,0.0
5650,11.3,0.15329314159998192,1.020589946962649,-2601.5134167671204,2509.541898895055,0.0
5700,11.4,0.15178279726137747,1.024114140913119,-2669.782455921173,2563.5272154931445,0.0
5750,11.5,0.1531279538620189,1.028878977034103,-2702.6394118070602,2515.0472275055945,0.0
5800,11.6,0.15531420533791562,1.0316260857314365,-2678.1481795310974,2449.25636583101,0.0
5850,11.7,0.1565610763977607,1.0305513549885674,-2757.323252916336,2473.9551522769034,0.0
5900,11.8,0.15860000685615167,1.0262850697978658,-2639.039939761162,2332.9744239114225,0.0
5950,11.9,0.1607414908450575,1.0220087860459885,-2703.1928712129593,2469.8901709411293,0.0
6000,12.0,0.16043438271010638,1.0209098492478317,-2658.1888424158096,2488.7242663800716,0.0
6050,12.1,0.1595534413978446,1.0202927969732905,-2637.815286397934,2462.204019293189,0.0
6100,12.2,0.1581304860303824,1.0202927730999583,-2759.7520540952682,2514.1999242417514,0.0
6150,12.3,0.15771471688029046,1.0196277534269296,-2625.9185960292816,2528.0570163950324,0.0
6200,12.4,0.1543573333660951,1.0186490277940232,-2719.622223138809,2551.4103474766016,0.0
6250,12.5,0.15210411668070078,1.0182912746149484,-2601.4451258182526,2495.7840003184974,0.0
6300,12.6,0.15057882282183363,1.0182249049682717,-2589.747630596161,2498.3717019874603,0.0
6350,12.7,0.149993892229002,1.0159595824946597,-2552.9989483356476,2428.5820933021605,0.0
6400,12.8,0.15094827095627245,1.011747638114459,-2613.857444524765,2487.622846543789,0.0
6450,12.9,0.1528993553744895,1.010790631635857,-2454.018566131592,2468.2628283910453,0.0
6500,13.0,0.15691594165934844,1.0102475249394374,-2375.812151670456,2425.521345451474,0.0
6550,13.1,0.1602366078416184,1.0102736734374889,-2504.1457200050354,2451.465210121125,0.0
6600,13.2,0.16445239206391,1.009530159326749,-2478.034687757492,2502.350546363741,0.0
6650,13.3,0.16643920061630674,1.0083486086388798,-2572.585473060608,2490.437275491655,0.0
6700,13.4,0.1690846193192426,1.0066496987699556,-2649.4958951473236,2603.531952623278,0.0
6750,13.5,0.1729966200046858,1.0072858431741325,-2434.9224238991737,2472.9562331922352,0.0
6800,13.6,0.1743254044429303,1.009568896828008,-2448.769105553627,2417.2484862990677,0.0
6850,13.7,0.17524556988730677,1.0096195302600748,-2735.316297531128,2569.9625047035515,0.0
6900,13.8,0.17482367290099224,1.011245232842052,-2668.9556584358215,2495.7634223829955,0.0
6950,13.9,0.17409538397339971,1.015220306638783,-2626.9153097867966,2516.523650528863,0.0
7000,14.0,0.1733147994860063,1.0191488908606445,-2558.9105310738087,2531.5394092053175,0.0
7050,14.1,0.17457670967080402,1.0199765533651672,-2511.351245686412,2379.3870158717036,0.0
7100,14.2,0.1724955564774949,1.019458525875219,-2664.2869778871536,2546.0846623394173,0.0
7150,14.3,0.1705179371795214,1.0171830798321224,-2629.022923231125,2530.0869352146983,0.0
7200,14.4,0.1653623343690529,1.0155151287907653,-2609.6227316856384,2491.629648473114,0.0
7250,14.5,0.15955159935679125,1.0148239487532311,-2582.211582660675,2456.542658833787,0.0
7300,14.6,0.156036860011407,1.0143755006466768,-2586.0349414348602,2511.5212951488793,0.0
7350,14.7,0.15192093422391176,1.0152298144309408,-2541.2121335566044,2430.052544434555,0.0
7400,14.8,0.1484285005138208,1.0157125516671577,-2677.4973680973053,2572.679712422192,0.0
7450,14.9,0.1471985063345447,1.0167413958308338,-2615.130064666271,2440.6526184156537,0.0
7500,15.0,0.14855399909017364,1.0164503745897226,-2566.9773927927017,2436.895809118636,0.0
7550,15.1,0.14680782461930778,1.017929158676232,-2522.9709680080414,2425.1994713172317,0.0
7600,15.2,0.14744403209741475,1.017597917365188,-2641.300609588623,2472.600685307756,0.0
7650,15.3,0.14580752223565657,1.015758225505966,-2470.1003563404083,2363.1354318112135,0.0
7700,15.4,0.1420858026411918,1.0139781106048777,-2579.5047261714935,2466.090194381308,0.0
7750,15.5,0.1386734693951878,1.0114873807909077,-2537.941393136978,2479.747268270701,0.0
7800,15.6,0.13222991908434342,1.010424991712001,-2589.7766469717026,2538.0215934710577,0.0
7850,15.7,0.12642242792453637,1.0062816909099321,-2634.361157655716,2529.841005202383,0.0
7900,15.8,0.12412891745600385,1.0035800496089964,-2550.8035522699356,2433.6352117210627,0.0
7950,15.9,0.12031527864565147,1.0014399061718577,-2659.5140959620476,2522.6509064678103,0.0
8000,16.0,0.11962519002509926,0.9998581678521637,-2662.716455101967,2455.8433301514015,0.0
8050,16.1,0.11991189813669659,0.9994483905593442,-2630.489525794983,2507.636924471706,0.0
8100,16.2,0.12055723675400302,0.9986378161521281,-2687.329786300659,2571.20885004662,0.0
8150,16.3,0.12149587503495206,0.9961982128809581,-2673.984091281891,2591.6552009191364,0.0
8200,16.4,0.12236854964771678,0.9934305412764387,-2712.678929209709,2657.080266818404,0.0
8250,16.5,0.12382936354507934,0.9886466108520604,-2670.227169275284,2568.5837915712036,0.0
8300,16.6,0.12365345911628965,0.9860535426441022,-2692.5627213716507,2494.5588511265814,0.0
8350,16.7,0.120779636687177,0.9874513293384,-2637.7505605220795,2547.3452393077314,0.0
8400,16.8,0.12342954927818074,0.9886193352757026,-2487.59605383873,2374.0888557061553,0.0
8450,16.9,0.1255174823779693,0.9894386265314649,-2559.1455199718475,2432.950348854065,0.0
8500,17.0,0.12432964932706145,0.9903626999918301,-2493.504616856575,2450.6195136271417,0.0
8550,17.1,0.12290792921235172,0.9918945198158897,-2580.1495604515076,2484.475621368736,0.0
8600,17.2,0.1210439242715291,0.9937294524414547,-2633.883309841156,2428.7468678634614,0.0
8650,17.3,0.12302639497899841,0.9945630319963061,-2644.8388612270355,2468.6543686538935,0.0
8700,17.4,0.12449518679687341,0.9931995286445195,-2588.373226284981,2520.4556428976357,0.0
8750,17.5,0.1210377313448471,0.9912756276051755,-2645.15543538332,2493.039986700751,0.0
8800,17.6,0.11939494487294727,0.9899328992118077,-2552.8154150247574,2344.8524897173047,0.0
8850,17.7,0.11613019664925914,0.9891099995778453,-2635.6495468616486,2410.7197721321136,0.0
8900,17.8,0.11261982028530262,0.9867227104335693,-2575.751549720764,2427.505615727976,0.0
8950,17.9,0.11030304781538486,0.9863054854244774,-2597.4102067947388,2493.267830979079,0.0
9000,18.0,0.10921357867957283,0.9838637471582864,-2647.8868783712387,2604.1999686658382,0.0
9050,18.1,0.11105681660115643,0.9836575175519062,-2418.6042103767395,2377.220784218982,0.0
9100,18.2,0.11392456198720098,0.982651202233267,-2721.3146448135376,2608.823851523106,0.0
9150,18.3,0.11766503857402966,0.9797179598258936,-2547.255303889513,2482.6654424397566,0.0
9200,18.4,0.12257942252787642,0.9777547994751495,-2646.352374792099,2616.3723996542394,0.0
9250,18.5,0.12737373101958846,0.9772384821469601,-2550.1491763591766,2523.3280611056834,0.0
9300,18.6,0.13105139551059136,0.9786242430143662,-2558.0622272491455,2484.209246072918,0.0
9350,18.7,0.13534785652030887,0.9812704201070555,-2514.5821970701218,2422.850677482784,0.0
9400,18.8,0.13604827752946602,0.981872364613132,-2588.3863637447357,2380.5365527942777,0.0
9450,18.9,0.1367692532343874,0.9805136246122323,-2602.850468277931,2436.748972758651,0.0
9500,19.0,0.13872084633312687,0.9809526862083545,-2802.650476142764,2519.751355236396,0.0
9550,19.1,0.13947981941401227,0.9813322914367872,-2706.9545674324036,2403.6919621322304,0.0
9600,19.2,0.14165377211467123,0.9810199602530647,-2693.595787346363,2429.84576690197,0.0
9650,19.3,0.1409932918541646,0.9808897603114546,-2606.222205400467,2385.0317261070013,0.0
9700,19.4,0.1384528460763437,0.9786838205405908,-2628.7786851227283,2511.9268130026758,0.0
9750,19.5,0.1352646473351324,0.9763481618514238,-2567.767288327217,2458.4735637698323,0.0
9800,19.6,0.1367252772245994,0.9752298125203234,-2563.6979563236237,2470.222522545606,0.0
9850,19.7,0.1380730833015442,0.9773740411316532,-2642.055385053158,2573.474883876741,0.0
9900,19.8,0.13776195964703586,0.9802691992969345,-2738.917937517166,2671.74278202001,0.0
9950,19.9,0.13676008127860073,0.9826941439334278,-2639.6633293628693,2456.3574664331973,0.0
10000,20.0,0.1381372519443414,0.9858253995838976,-2713.3780887126923,2541.1474393252283,0.0
10050,20.1,0.14199500474447782,0.9868756414939087,-2561.533392906189,2382.738168414915,0.0
10100,20.2,0.14224269530082356,0.9855330831204007,-2588.370744943619,2363.7883300185204,0.0
10150,20.3,0.14202626846821356,0.9841994198254085,-2711.0019723176956,2457.7319639488123,0.0
10200,20.4,0.14468006074753895,0.9866412207166243,-2764.9394084215164,2405.2773386761546,0.0
10250,20.5,0.14864716402073153,0.9895740540405955,-2749.9609022140503,2450.4999474491924,0.0
10300,20.6,0.1532069127510048,0.9887649156261346,-2556.359900712967,2311.8508291468024,0.0
10350,20.7,0.15599927241979683,0.9879456389537714,-2649.1172757148743,2452.3810497848317,0.0
10400,20.8,0.16047176624651024,0.9891183358862201,-2578.520068883896,2461.4610442742705,0.0
10450,20.9,0.1625571928659861,0.9870621521497799,-2498.7002992630005,2355.0652352422476,0.0
10500,21.0,0.16641244471459266,0.9867238044546478,-2678.2214901447296,2573.6335423998535,0.0
10550,21.1,0.16989147481418185,0.9862524747682513,-2682.316917657852,2483.286686874926,0.0
10600,21.2,0.16959733830359938,0.9865130780165732,-2669.1879556179047,2519.712676502764,0.0
10650,21.3,0.1654939133839226,0.9871168994232474,-2688.775136590004,2528.1993716694415,0.0
10700,21.4,0.16352852893318323,0.98794311683275,-2719.867657661438,2572.141764935106,0.0
10750,21.5,0.16315373880101405,0.9871177696401157,-2582.7342138290405,2424.243263974786,0.0
10800,21.6,0.1601151774885089,0.986744629184746,-2615.726916074753,2538.6230778880417,0.0
10850,21.7,0.1596949267735593,0.9895019930373675,-2615.885124564171,2412.092860568315,0.0
10900,21.8,0.15841426157564006,0.9924012915951916,-2535.6583092212677,2423.3740184847265,0.0
10950,21.9,0.15773659158100606,0.9931607652469943,-2764.2868291139603,2539.615705934819,0.0
11000,22.0,0.15543698318294139,0.9948448334989083,-2697.4073321819305,2554.1541833039373,0.0
11050,22.1,0.15639779991178968,0.9945727867879816,-2611.826558947563,2526.5326094664633,0.0
11100,22.2,0.1579725416084256,0.9969789948620477,-2518.128271341324,2495.380261592567,0.0
11150,22.3,0.15983341375884136,0.9971350082818334,-2399.510025501251,2492.015500754118,0.0
11200,22.4,0.15675863291071357,0.9958813810790825,-2504.7328157424927,2610.211618596688,0.0
11250,22.5,0.1536505706870461,0.996157462405695,-2408.213268995285,2507.031282927841,0.0
11300,22.6,0.1512882726759937,0.9977031140480069,-2514.3983924388885,2593.958872983232,0.0
11350,22.7,0.15056235507618057,0.9970148092665069,-2492.905329465866,2578.221063216217,0.0
11400,22.8,0.15128075100345448,0.9970612735284932,-2428.9787950515747,2454.958690457046,0.0
11450,22.9,0.15061216759467042,0.9965239819587957,-2515.1314225792885,2441.293585855514,0.0
11500,23.0,0.14725752223956745,0.99595040006809,-2542.211612522602,2464.065411100164,0.0
11550,23.1,0.14133031099982374,0.9944093871371424,-2690.9511380195618,2466.3993128482252,0.0
11600,23.2,0.13657347172037285,0.9947569443939246,-2665.514212310314,2417.7287458274513,0.0
11650,23.3,0.12939696759582361,0.9919499117994149,-2664.154440522194,2444.0410625599325,0.0
11700,23.4,0.12614569744126042,0.9913281270918957,-2614.866685152054,2373.178802393377,0.0
11750,23.5,0.12336072884861303,0.9911465150830693,-2701.0809378623962,2550.4427156448364,0.0
11800,23.6,0.12222598063718539,0.9921981351763267,-2710.724198460579,2510.6733925980516,0.0
11850,23.7,0.12172608685199433,0.9921981563325694,-2694.6294124126434,2530.885563481599,0.0
11900,23.8,0.123016078079788,0.9912210992944284,-2692.689913868904,2489.412700057961,0.0
11950,23.9,0.1255788879957732,0.989192597844218,-2587.625039935112,2324.6007759706117,0.0
12000,24.0,0.1265244077084051,0.9904293802316436,-2583.540270805359,2373.9173555541784,0.0
12050,24.1,0.12459452006569091,0.9928584672970241,-2684.0993225574493,2499.3597574778832,0.0
12100,24.2,0.124508681023779,0.9930703422177345,-2610.8720997571945,2390.9764307141304,0.0
12150,24.3,0.12283273782389532,0.9920753057356912,-2669.262588262558,2536.963055830449,0.0
12200,24.4,0.1194336677357863,0.9922568815858843,-2557.794430732727,2487.6807226240635,0.0
12250,24.5,0.1235087642309436,0.9923857818893985,-2582.377317160368,2523.882659830153,0.0
12300,24.6,0.12652672201446796,0.9895436682377131,-2614.9829456806183,2541.0027214437723,0.0
12350,24.7,0.1286518366949317,0.9899291836630019,-2468.475599527359,2392.663492165506,0.0
12400,24.8,0.1258470012096037,0.9914309909699158,-2589.8183631896973,2536.740678038448,0.0
12450,24.9,0.12189011835849183,0.9923167038645121,-2616.202134847641,2588.2884521707892,0.0
12500,25.0,0.1225249554923746,0.991440677621166,-2594.72214281559,2593.522639155388,0.0
12550,25.1,0.12463743371029791,0.9898498330818236,-2596.495321035385,2640.842099800706,0.0
12600,25.2,0.12814045251375816,0.9870803106503183,-2467.2556125819683,2432.2488518068567,0.0
12650,25.3,0.128726546629557,0.9857976199571042,-2510.516053915024,2541.9173503350466,0.0
12700,25.4,0.13002782732411433,0.9878379141876482,-2422.4425605535507,2406.9738431051373,0.0
12750,25.5,0.131070828270419,0.9871843475245625,-2582.852894425392,2556.9881424894556,0.0
12800,25.6,0.13108677080208944,0.9870157190206011,-2481.935304403305,2484.571669991128,0.0
12850,25.7,0.1332888295913955,0.9863956865356932,-2497.792841911316,2439.9411287475377,0.0
12900,25.8,0.13618133615806738,0.986254940427531,-2472.284556031227,2402.161794256419,0.0
12950,25.9,0.13987043633236018,0.9848606097481233,-2522.245570719242,2520.7156498730183,0.0
13000,26.0,0.1447915363949966,0.985113712026802,-2394.0613282322884,2468.6868088091724,0.0
13050,26.1,0.14640176455876766,0.9869960271115505,-2501.9857454299927,2485.7879315577447,0.0
13100,26.2,0.14648512682436082,0.9871792700380209,-2437.984708547592,2385.225904226303,0.0
13150,26.3,0.1470299987967321,0.9872686887431411,-2556.850182056427,2493.727094747126,0.0
13200,26.4,0.14533621457477394,0.9883948694328744,-2590.1237865686417,2588.9265128020197,0.0
13250,26.5,0.1471046905977219,0.989072564901889,-2611.801991701126,2592.515957646072,0.0
13300,26.6,0.14872292690369943,0.9890438043757552,-2590.08901822567,2626.0938580408692,0.0
13350,26.7,0.14872377847168705,0.989849945160189,-2534.8981062173843,2534.390573974699,0.0
13400,26.8,0.1476134957347696,0.9893070389511757,-2531.3448029756546,2525.9993189126253,0.0
13450,26.9,0.14424218429954574,0.9891494665969549,-2570.116235256195,2561.4263552576303,0.0
13500,27.0,0.14193115196713235,0.9884688519812679,-2590.5813266038895,2542.172748696059,0.0
13550,27.1,0.14232481894743043,0.9848156523187369,-2532.295756340027,2560.444607716985,0.0
13600,27.2,0.14106257859599514,0.980770975618239,-2598.1060930490494,2616.1738768443465,0.0
13650,27.3,0.14356653729210017,0.9793410467731173,-2399.6384805440903,2403.119296924211,0.0
13700,27.4,0.14750379464147992,0.9798172233873559,-2549.747400045395,2518.058993300161,0.0
13750,27.5,0.14839998081221883,0.9818577496289462,-2614.6750824451447,2558.857961117523,0.0
13800,27.6,0.1504216285330872,0.9814559849204214,-2539.125261068344,2493.267498359084,0.0
13850,27.7,0.15502218203325147,0.979720788293257,-2665.7133623957634,2567.269731208682,0.0
13900,27.8,0.16191160187942655,0.9795837569158055,-2592.005876660347,2438.6319778971374,0.0
13950,27.9,0.16573062181381115,0.9781942072183066,-2733.141304731369,2639.0732195451856,0.0
14000,28.0,0.1702831689804307,0.9798501477322553,-2513.9238837361336,2418.4600685685873,0.0
14050,28.1,0.17263661798772914,0.9823600256627858,-2675.5513529777527,2561.098634943366,0.0
14100,28.2,0.17447417421617833,0.9835519980639158,-2650.082643508911,2573.426199067384,0.0
14150,28.3,0.1764982001865469,0.9839572694184165,-2678.4535603523254,2565.344202404842,0.0
14200,28.4,0.1769645321896205,0.9850871460159057,-2571.2323340177536,2425.0684051290154,0.0
14250,28.5,0.17483825251466945,0.9867449012223413,-2629.507506251335,2479.5312607325613,0.0
14300,28.6,0.17492668295854166,0.9869100118298995,-2590.1853886842728,2480.9642007276416,0.0
14350,28.7,0.17282462969104162,0.984984368205379,-2527.393924623728,2463.134795088321,0.0
14400,28.8,0.16949439264189248,0.9838799074221933,-2554.821264863014,2505.3669818639755,0.0
14450,28.9,0.16742787534165834,0.9842846030589097,-2544.5299768447876,2466.9342615939677,0.0
14500,29.0,0.16247279979224205,0.9874266102853073,-2647.140622138977,2497.7998220529407,0.0
14550,29.1,0.15997172411935484,0.9883576253569004,-2594.757056951523,2415.2682187333703,0.0
14600,29.2,0.16101383230176827,0.9881894452978507,-2668.569687306881,2401.500817396678,0.0
14650,29.3,0.16146322931172521,0.9862707481144353,-2642.897684007883,2353.405353711918,0.0
14700,29.4,0.15810530556026056,0.9847946500834431,-2694.3567419052124,2489.3391099777073,0.0
14750,29.5,0.15810672913865972,0.9832170691543963,-2724.521362990141,2475.3837374178693,0.0
14800,29.6,0.15586309749862004,0.9832346493491654,-2727.2815129756927,2427.6268389160978,0.0
14850,29.7,0.15837420978221675,0.9827881550172671,-2723.4575469493866,2408.8887743754312,0.0
14900,29.8,0.16330460930124116,0.980248881323362,-2672.0581619739532,2344.260997530073,0.0
14950,29.9,0.16598944389316372,0.9792610530137408,-2706.342772245407,2403.3887143470347,0.0
15000,30.0,0.16659510806021854,0.9770126881446027,-2786.7759149074554,2483.3410071674734,0.0
15050,30.1,0.16469815745305091,0.9798743934485658,-2663.8858489990234,2479.9484298564494,0.0
15100,30.2,0.16221411345825756,0.9819815607348892,-2680.0193815231323,2525.334734132979,0.0
15150,30.3,0.1579790368963941,0.9833286538111051,-2603.814175605774,2449.7302629314363,0.0
15200,30.4,0.1524121664301882,0.9861123129991163,-2585.3261282444,2413.906200353056,0.0
15250,30.5,0.14464433376588137,0.9866562963039975,-2771.3486355543137,2482.8188275424764,0.0
15300,30.6,0.13982845981032968,0.9858838133070726,-2721.82164812088,2408.6318958876655,0.0
15350,30.7,0.13884575283381637,0.9864156104816917,-2695.1964507102966,2412.2753552291542,0.0
15400,30.8,0.13954416895210808,0.9875028261800203,-2574.996398091316,2380.913264566101,0.0
15450,30.9,0.14243824989161769,0.9882133844016139,-2718.9627298116684,2466.7461480591446,0.0
15500,31.0,0.1465340232771131,0.9863356290647454,-2647.6160097122192,2312.738106863573,0.0
15550,31.1,0.14608192729346442,0.9856600991581088,-2770.3724880218506,2585.706979956478,0.0
15600,31.2,0.14749365177975876,0.985894006905967,-2599.279022216797,2393.560048878193,0.0
15650,31.3,0.14729006662431685,0.9844792990377687,-2626.460881471634,2412.2180984318256,0.0
15700,31.4,0.15100816517282895,0.9825003617201611,-2508.6085336208344,2359.603826917708,0.0
15750,31.5,0.1545435057399229,0.979889196462909,-2581.6381738185883,2435.529341792688,0.0
15800,31.6,0.15356535952753073,0.9790506349444044,-2722.8600204586983,2450.766380565241,0.0
15850,31.7,0.15532352006429137,0.9799046357013328,-2700.7096115350723,2589.809552166611,0.0
15900,31.8,0.15703095814335014,0.9815595008352623,-2641.435181736946,2471.6233590357006,0.0
15950,31.9,0.15491306460027346,0.9829335539275196,-2627.603344321251,2489.039724010974,0.0
16000,32.0,0.15264260391276951,0.9827390973557266,-2635.3665920495987,2511.0426151417196,0.0
16050,32.1,0.15445294298411996,0.983472171576459,-2533.4543100893497,2580.257165852934,0.0
16100,32.2,0.1569932913001371,0.981773304928563,-2642.8094394803047,2584.04377797246,0.0
16150,32.3,0.15711771650095754,0.9810834829051253,-2497.2191837728024,2548.889575107023,0.0
16200,32.4,0.15841200327374588,0.9774049678948478,-2601.0004200935364,2609.1175060565583,0.0
16250,32.5,0.16129295900113513,0.9773703415214698,-2627.57420194149,2647.307133089751,0.0
16300,32.6,0.15969547058491013,0.9785003424691802,-2628.145002603531,2483.9845857350156,0.0
16350,32.7,0.15736432687921903,0.9789375124926588,-2593.2358971834183,2486.5003953687847,0.0
16400,32.8,0.1544485680364483,0.9797912309784043,-2681.084848880768,2607.0948967989534,0.0
16450,32.9,0.15663303967865427,0.9785660736945476,-2628.481259703636,2504.3424538951367,0.0
16500,33.0,0.1580694793681676,0.9770778073108053,-2706.754130601883,2538.3967389315367,0.0
16550,33.1,0.15444194037790543,0.977965992456261,-2600.675400853157,2437.4401664063334,0.0
16600,33.2,0.15167376715283457,0.9826544350556499,-2548.7276980876923,2422.1914186552167,0.0
16650,33.3,0.15289559574330033,0.9838130807276186,-2641.3934391736984,2500.5230140276253,0.0
16700,33.4,0.1541842491863269,0.9828813615705271,-2614.468888401985,2467.0727210547775,0.0
16750,33.5,0.15249072682883746,0.9770740192960999,-2568.1697659492493,2372.5404317118227,0.0
16800,33.6,0.14882090161794004,0.9742231638126884,-2725.8588851690292,2519.409630747512,0.0
16850,33.7,0.14784583125271705,0.9718747760052229,-2616.5925176143646,2499.9701535515487,0.0
16900,33.8,0.1474806094760988,0.9711112500758865,-2601.8018122911453,2537.2845263257623,0.0
16950,33.9,0.1472711746562767,0.9733901647876094,-2500.0503606796265,2463.8533192388713,0.0
17000,34.0,0.1438335820244437,0.9759705675561545,-2469.4457898139954,2387.4631291199476,0.0
17050,34.1,0.14597636262424143,0.9757991018945528,-2624.416096687317,2525.32334453566,0.0
17100,34.2,0.14718702784971827,0.9755198242346144,-2636.780019879341,2499.677761268802,0.0
17150,34.3,0.14915029237175298,0.9743367466094806,-2563.8113510608673,2353.4240056108683,0.0
17200,34.4,0.14855830869572978,0.9755499315126434,-2551.731364250183,2357.0560365617275,0.0
17250,34.5,0.14940474163202194,0.9754698638321438,-2538.8914180994034,2305.6293303370476,0.0
17300,34.6,0.1501345837389314,0.9767682208035124,-2655.964754343033,2422.9679528065026,0.0
17350,34.7,0.15000893187401962,0.9785315098200806,-2671.768064022064,2424.573441075161,0.0
17400,34.8,0.1473531170251527,0.9770269589627985,-2633.9183037281036,2440.8385481350124,0.0
17450,34.9,0.14501485573699294,0.9735858935327957,-2647.332051038742,2411.673353072256,0.0
17500,35.0,0.14373007452693792,0.970731204227278,-2705.399345397949,2372.4289986570366,0.0
17550,35.1,0.14130904120343207,0.9685702086413822,-2684.8603179454803,2396.0054872259498,0.0
17600,35.2,0.14178974621614535,0.9659026826860201,-2741.304219722748,2427.8275473550893,0.0
17650,35.3,0.14443841611804106,0.9652267614945106,-2687.844688653946,2375.310848724097,0.0
17700,35.4,0.14583185889746675,0.9647680261617926,-2686.7433494329453,2399.8268627058715,0.0
17750,35.5,0.14415943314481533,0.9660478444289812,-2727.0406653881073,2417.10839625448,0.0
17800,35.6,0.14120977708838425,0.9715017355060643,-2836.811443209648,2458.3316103219986,0.0
17850,35.7,0.13838386387212218,0.9767501054402018,-2742.300261735916,2464.0140703991055,0.0
17900,35.8,0.13518430520752817,0.9814404015377339,-2744.3075046539307,2443.2415221966803,0.0
17950,35.9,0.13658967315781637,0.9856373921073942,-2677.2995994091034,2369.9421746963635,0.0
18000,36.0,0.1378615893580954,0.9879420702728214,-2632.1627846956253,2314.7566505521536,0.0
18050,36.1,0.13861528089728595,0.9881681346133789,-2608.9579688310623,2346.3758177384734,0.0
18100,36.2,0.1354904631445414,0.9866086803434091,-2643.894339799881,2391.2858732417226,0.0
18150,36.3,0.13702264596304,0.9855417182224832,-2754.6735050678253,2406.8245453378186,0.0
18200,36.4,0.1392194203594762,0.980735906965589,-2701.4007935523987,2383.9689000528306,0.0
18250,36.5,0.13742191687596383,0.975916775007281,-2785.9182305336,2457.6878977678716,0.0
18300,36.6,0.13999241387943098,0.9739295301114517,-2688.0428142547607,2365.8861789684743,0.0
18350,36.7,0.14042538077620667,0.971468297263225,-2658.8026785850525,2447.566629562527,0.0
18400,36.8,0.14245296443946084,0.9717407594606154,-2676.066408455372,2365.3796525783837,0.0
18450,36.9,0.14488807163731007,0.9736895976757889,-2670.0407647788525,2394.836581289768,0.0
18500,37.0,0.14632519977737463,0.9768147721482271,-2603.629396855831,2301.9270660672337,0.0
18550,37.1,0.14750836006624152,0.9784706466392655,-2591.0316056013107,2325.5350790973753,0.0
18600,37.2,0.1499028461169054,0.9791392700776048,-2555.119938790798,2369.528351088986,0.0
18650,37.3,0.14892861720501907,0.9792031398424257,-2688.193246245384,2473.9383506141603,0.0
18700,37.4,0.15222002272698132,0.978016824216825,-2668.4299454391003,2473.1835536728613,0.0
18750,37.5,0.15601727709000685,0.9764013514667246,-2738.527513742447,2453.9829804804176,0.0
18800,37.6,0.15918340211020238,0.9781731942575856,-2759.400251120329,2443.7621541637927,0.0
18850,37.7,0.16085692633533152,0.981709893439,-2682.7630302906036,2372.4641136601567,0.0
18900,37.8,0.16223146986788015,0.9840125438898799,-2688.0679864883423,2316.978653928265,0.0
18950,37.9,0.1653091406010785,0.9872323995891537,-2691.826726794243,2361.487057761289,0.0
19000,38.0,0.16641576948774697,0.9898364263983774,-2619.6788580417633,2439.1973735033534,0.0
19050,38.1,0.1654839515550323,0.9910637298611727,-2829.1917489767075,2599.369753571227,0.0
19100,38.2,0.1637078112528565,0.9908682966205596,-2679.1697120666504,2389.300715997815,0.0
19150,38.3,0.1639985809342465,0.9878617132110685,-2734.411909222603,2482.964915565215,0.0
19200,38.4,0.16573841810381432,0.9868663029632977,-2672.594918370247,2414.4234399031848,0.0
19250,38.5,0.16577416888618807,0.9878124507406925,-2695.2658628225327,2426.757089730352,0.0
19300,38.6,0.1622283124540645,0.9915814999960574,-2793.4010632038116,2556.4687274731696,0.0
19350,38.7,0.16253245955017293,0.9942279257364782,-2804.7512290477753,2632.43699277658,0.0
19400,38.8,0.1666405760656236,0.9967612374837288,-2643.8634209930897,2516.510800819844,0.0
19450,38.9,0.1707622057142726,0.9992056680057584,-2678.6919036507607,2465.736253656447,0.0
19500,39.0,0.1722843683600703,1.000363604629064,-2668.022876739502,2533.9669171459973,0.0
19550,39.1,0.174556929544271,1.0002640912547704,-2579.6579555273056,2485.9472475592047,0.0
19600,39.2,0.1782714597626276,0.9995698916995125,-2614.706583738327,2529.7846820503473,0.0
19650,39.3,0.17900649433705648,0.9961387444288434,-2593.247901916504,2445.23213319201,0.0
19700,39.4,0.17547137228966073,0.9918297701254739,-2602.746832847595,2466.6357506085187,0.0
19750,39.5,0.17219026668575504,0.9884165030425677,-2566.0256690979004,2386.501025415957,0.0
19800,39.6,0.16643398586938674,0.9858627363222071,-2665.244624376297,2438.9040026664734,0.0
19850,39.7,0.1645687240780838,0.9860008418859578,-2641.266673862934,2470.80547864642,0.0
19900,39.8,0.16223996882638023,0.9848934284476325,-2599.4301759004593,2489.922647371888,0.0
19950,39.9,0.1622038395920004,0.9836380099930793,-2549.7525691986084,2527.9296876894077,0.0
20000,40.0,0.16249490306507022,0.9835747231774292,-2617.348908185959,2585.7262745685875,0.0
20050,40.1,0.1631738916311756,0.9820230305528391,-2574.965414762497,2542.877909930423,0.0
20100,40.2,0.16701772157166067,0.9821148818787974,-2630.516522169113,2537.3291726512834,0.0
20150,40.3,0.16665126148068526,0.9833214047199922,-2669.5633738040924,2523.3355678785592,0.0
20200,40.4,0.16872266912365766,0.9861134145791034,-2576.095697581768,2432.850816044025,0.0
20250,40.5,0.17214405053099882,0.9855760231926654,-2567.072698712349,2444.719179287553,0.0
20300,40.6,0.17149492078943798,0.983240299687238,-2605.0053766965866,2491.455193413887,0.0
20350,40.7,0.17106401721334824,0.982902441240796,-2593.2107112407684,2534.504215788096,0.0
20400,40.8,0.17161778538335482,0.9840450543350732,-2637.67980325222,2676.635509384796,0.0
20450,40.9,0.17306420143203202,0.9853231918594326,-2532.9285492897034,2550.214896481484,0.0
20500,41.0,0.17250244046886176,0.9860635763094282,-2591.6343896985054,2569.757398882881,0.0
20550,41.1,0.1715409792123435,0.982748898622676,-2673.1089355945587,2604.837042223662,0.0
20600,41.2,0.1712470004925118,0.9760404936873374,-2516.625731945038,2468.548301211791,0.0
20650,41.3,0.17219695073271143,0.9731847439505018,-2620.5062012970448,2444.169887099415,0.0
20700,41.4,0.17538138633506967,0.9731326073966092,-2544.279736995697,2462.172891771421,0.0
20750,41.5,0.1761008431265993,0.975562105714968,-2604.3607593774796,2676.4666203670204,0.0
20800,41.6,0.17901913813221357,0.9794077359243157,-2642.2159544825554,2636.84482059977,0.0
20850,41.7,0.18110278963475887,0.9851365466727008,-2503.868162035942,2535.7391706192866,0.0
20900,41.8,0.1807751349787946,0.987127676150727,-2517.020122051239,2503.228723242879,0.0
20950,41.9,0.1812527648684113,0.9876532758996296,-2494.4938699007034,2520.551894776523,0.0
21000,42.0,0.18578728040190245,0.986936057618406,-2486.746673166752,2525.3348598685116,0.0
21050,42.1,0.18653246826425182,0.9825437383147083,-2713.860556125641,2615.412322131917,0.0
21100,42.2,0.19168395773465513,0.9812305449127956,-2672.8038436621428,2521.7664498761296,0.0
21150,42.3,0.19305420088491151,0.9832334692260233,-2703.1643698215485,2608.01523758471,0.0
21200,42.4,0.1991862472366952,0.9863849532241517,-2570.8267550468445,2393.9454407538287,0.0
21250,42.5,0.20346856523700965,0.9882712152496,-2569.6218646764755,2435.92195382528,0.0
21300,42.6,0.20822654094161458,0.9867547739883608,-2712.32953953743,2478.721565587446,0.0
21350,42.7,0.2131713229761922,0.9844720640986527,-2664.3755177259445,2532.6574155567214,0.0
21400,42.8,0.22253500766513232,0.9830856630732545,-2590.101458787918,2560.8492291290313,0.0
21450,42.9,0.2295427816197244,0.9828473665116648,-2590.090989217162,2591.542944898829,0.0
21500,43.0,0.23467704089558128,0.9821441474348019,-2584.242006033659,2531.288414873183,0.0
21550,43.1,0.23694009781919678,0.9820680152287624,-2555.157237827778,2492.081675171852,0.0
21600,43.2,0.2366682285262153,0.9811984615307934,-2413.1905665397644,2481.884268552065,0.0
21650,43.3,0.2364847070094641,0.98133254799792,-2505.167810574174,2533.6335521042347,0.0
21700,43.4,0.2331831035471372,0.9834612910428756,-2483.3391374349594,2556.0213487930596,0.0
21750,43.5,0.22880325368873106,0.9823856919298034,-2488.866601586342,2587.5667556747794,0.0
21800,43.6,0.22785925737628368,0.983864815417777,-2430.810395255685,2566.7238928861916,0.0
21850,43.7,0.22726033084442573,0.9839481743827699,-2409.536595106125,2581.5980114750564,0.0
21900,43.8,0.2252671328464222,0.9833293359006502,-2384.774841070175,2568.926045138389,0.0
21950,43.9,0.2264234383511152,0.9820106707355893,-2390.2770752310753,2606.147000113502,0.0
22000,44.0,0.22680137889716595,0.9821641786140418,-2531.141914665699,2669.775630512275,0.0
22050,44.1,0.2242786870369393,0.9840443743022882,-2363.6060678958893,2581.1220240903203,0.0
22100,44.2,0.22504043460908596,0.9857710830235176,-2362.301842212677,2440.25813203305,0.0
22150,44.3,0.2253153436351245,0.988943618434061,-2287.3927622437477,2591.3530645295978,0.0
22200,44.4,0.22478000088640152,0.9914389961279212,-2326.465210467577,2567.0048919059336,0.0
22250,44.5,0.22454122676199095,0.9931796395133446,-2404.408090174198,2555.3106870306656,0.0
22300,44.6,0.22407812808877345,0.9922275585940504,-2415.583446621895,2582.1152033489197,0.0
22350,44.7,0.2278997682065649,0.9902794333095989,-2365.7011425495148,2574.3400140330195,0.0
22400,44.8,0.23041426296737666,0.9886898331323604,-2405.540534257889,2613.201062316075,0.0
22450,44.9,0.22991995236885351,0.986995754372331,-2354.9316458702087,2544.3446242958307,0.0
22500,45.0,0.22770823993429704,0.9860784517622833,-2472.6941611766815,2571.9701109454036,0.0
22550,45.1,0.22701278045342577,0.984055559765828,-2484.3999326229095,2664.36083708331,0.0
22600,45.2,0.22742463682044528,0.9826608528755167,-2438.615831375122,2478.685283102095,0.0
22650,45.3,0.22788136634866246,0.9810067938878247,-2446.119020342827,2567.33273743093,0.0
22700,45.4,0.22311659069069864,0.9795299085982807,-2484.7222947478294,2591.729087330401,0.0
22750,45.5,0.22078373827683853,0.9777828713052534,-2421.1443029642105,2448.1195904482156,0.0
22800,45.6,0.21838081563193124,0.9772909179861365,-2450.209105014801,2556.5944740474224,0.0
22850,45.7,0.21561735122497497,0.9787940448395912,-2443.2696618437767,2532.394670141861,0.0
22900,45.8,0.21130558379851236,0.9836798826801595,-2635.0964198708534,2593.8677128329873,0.0
22950,45.9,0.20709281930930903,0.988882181871542,-2457.435834288597,2466.828156709671,0.0
23000,46.0,0.20518402162456306,0.9935441608227055,-2583.170257806778,2468.4745194092393,0.0
23050,46.1,0.20272048950340396,0.9933214677313325,-2520.587115883827,2355.6854609944858,0.0
23100,46.2,0.19830181515126624,0.9918765411535045,-2630.977024435997,2506.365300479345,0.0
23150,46.3,0.19353128742297843,0.9916462881350834,-2507.016727209091,2432.6976187136024,0.0
23200,46.4,0.1912541374555066,0.9904925797524214,-2758.5394515693188,2594.0167817249894,0.0
23250,46.5,0.18955866049889777,0.9911198981501318,-2689.988092303276,2491.8161893785,0.0
23300,46.6,0.18663406659990453,0.9916534233273581,-2478.006490767002,2404.1975307706743,0.0
23350,46.7,0.18525265572515814,0.9928501722443192,-2527.7071350216866,2467.4308794047683,0.0
23400,46.8,0.18310886578615934,0.9933804972309377,-2581.94035834074,2409.99324070476,0.0
23450,46.9,0.1802510088369204,0.9918069381388886,-2681.9957182258368,2578.982667014003,0.0
23500,47.0,0.18146887934569447,0.9884459704360495,-2530.609266757965,2364.0964949894696,0.0
23550,47.1,0.1787381301004581,0.9868316666940908,-2640.836201786995,2515.144003279507,0.0
23600,47.2,0.1776593474204801,0.9839859440511094,-2738.3808987140656,2608.1244517713785,0.0
23650,47.3,0.1766887036603643,0.9838769437114793,-2658.4779891967773,2518.114849295467,0.0
23700,47.4,0.1772190492442817,0.9827118461599169,-2681.1605660915375,2527.5212939456105,0.0
23750,47.5,0.17707742887896513,0.9825784656394785,-2728.3582123816013,2533.106902319938,0.0
23800,47.6,0.17616552852955464,0.9815343719802844,-2581.802994966507,2403.675295226276,0.0
23850,47.7,0.1748984589230304,0.9794211925890636,-2688.5334622859955,2565.2279611779377,0.0
23900,47.8,0.17555609758170196,0.978941084435781,-2694.017030775547,2508.0312624275684,0.0
23950,47.9,0.17152302268042421,0.9798777143389669,-2651.2396677732468,2363.3638561535627,0.0
24000,48.0,0.16916072435967244,0.980457956621236,-2706.6813423633575,2418.2174690924585,0.0
24050,48.1,0.16682231879130666,0.9829825148777026,-2560.304609656334,2308.2121898420155,0.0
24100,48.2,0.16612904614819282,0.987705657479627,-2654.889274150133,2419.7931749224663,0.0
24150,48.3,0.16375614231384575,0.9919663952116574,-2731.445833802223,2470.76071478799,0.0
24200,48.4,0.16720719898845396,0.9979440804179103,-2649.0051009655,2366.774834325537,0.0
24250,48.5,0.16850359232103396,1.0030308324959238,-2713.4720406532288,2386.382915984839,0.0
24300,48.6,0.1709342668046596,1.0057042114735761,-2730.0524339079857,2393.028965357691,0.0
24350,48.7,0.17251796419476886,1.0053118185297922,-2646.2544332146645,2390.7324283868074,0.0
24400,48.8,0.17108037533114243,1.0075317535623898,-2705.2399991452694,2443.6395168658346,0.0
24450,48.9,0.17511384431416369,1.0105255341547386,-2596.344781666994,2501.203454796225,0.0
24500,49.0,0.17654207113765327,1.0074238184368542,-2524.575437873602,2409.9209796395153,0.0
24550,49.1,0.17738893657018268,1.0054577076873479,-2696.1918729543686,2433.975605674088,0.0
24600,49.2,0.17862282358654683,1.0036300566849163,-2668.290739417076,2460.2702055461705,0.0
24650,49.3,0.1809825632207369,0.9995240163394158,-2650.789514183998,2466.203198887408,0.0
24700,49.4,0.18128450778883626,0.9972653102823091,-2735.7330777943134,2478.9133885875344,0.0
24750,49.5,0.1801196444125461,0.9963202746679533,-2701.996780514717,2552.864134935662,0.0
24800,49.6,0.1783814321817009,0.9928794919467624,-2631.081145644188,2504.19986372767,0.0
24850,49.7,0.17691923515373376,0.9895995384047737,-2570.68752515316,2559.5890956036747,0.0
24900,49.8,0.17349399539318647,0.9857874086502059,-2633.2511818408966,2581.7579902801663,0.0
24950,49.9,0.1708521417624784,0.9832025041880285,-2588.6241022348404,2536.8963908292353,0.0
25000,50.0,0.16715081716893218,0.9801725076869573,-2529.588278770447,2409.6795256473124,0.0
25050,50.1,0.16437721370382505,0.9813095540360097,-2635.85225045681,2502.6828691251576,0.0
25100,50.2,0.1633466605499599,0.984559896645948,-2662.7978172302246,2578.6970644500107,0.0
25150,50.3,0.1624022099794995,0.9892073130256456,-2553.2962230443954,2449.2881566137075,0.0
25200,50.4,0.1618846656325182,0.9914264696594746,-2699.396828889847,2578.93207500875,0.0
25250,50.5,0.16259421551416497,0.9921374380903752,-2585.623169362545,2468.639384316746,0.0
25300,50.6,0.16422575220005767,0.9912993543190256,-2616.361274778843,2425.312514334917,0.0
25350,50.7,0.16434958227603286,0.9905702570934161,-2542.4268184900284,2368.613805210218,0.0
25400,50.8,0.1650081079253831,0.9874823408966293,-2659.0460169911385,2492.1137420013547,0.0
25450,50.9,0.1671393910697465,0.9859670919798186,-2546.202190756798,2360.113302028738,0.0
25500,51.0,0.17091808373587444,0.9868643962477267,-2652.9830158650875,2501.5407302882522,0.0
25550,51.1,0.172674112311069,0.9893572531381398,-2620.785869985819,2450.8274710923433,0.0
25600,51.2,0.17298601289605062,0.9885762275363302,-2584.5006479620934,2365.654267134145,0.0
25650,51.3,0.16995807792084797,0.988489153478457,-2540.4512457847595,2337.155350200832,0.0
25700,51.4,0.1644048551710906,0.9852732472646265,-2761.4494401812553,2550.490764444694,0.0
25750,51.5,0.1647141379208332,0.9810334576411164,-2605.7845385074615,2495.982788261026,0.0
25800,51.6,0.16316601554146307,0.9784321554213802,-2656.8518767356873,2479.2396146580577,0.0
25850,51.7,0.1607601809323081,0.9773262195465743,-2571.2598432302475,2512.7136974595487,0.0
25900,51.8,0.15891328569472488,0.9757142632042323,-2497.7154566049576,2579.9581412002444,0.0
25950,51.9,0.15881409034052635,0.9750780992564615,-2569.4878166913986,2579.5181736331433,0.0
26000,52.0,0.15622453057882824,0.9729361285029334,-2590.4523710012436,2560.600749693811,0.0
26050,52.1,0.15321844942967933,0.9729818704547577,-2617.1521043777466,2581.34858738631,0.0
26100,52.2,0.1477869168490661,0.9743054051137582,-2612.710830450058,2546.7762692021206,0.0
26150,52.3,0.1460226490447618,0.9799833128150376,-2496.122976899147,2535.2861954104155,0.0
26200,52.4,0.1453390658643368,0.9838774738629088,-2596.9089012742043,2570.5422555319965,0.0
26250,52.5,0.14377715173966152,0.987263302670184,-2506.6492674946785,2567.8466900940984,0.0
26300,52.6,0.14579097628892115,0.9877569862075819,-2561.0791212916374,2610.354163493961,0.0
26350,52.7,0.1488527501327521,0.990234845447493,-2559.130110681057,2542.3101824391633,0.0
26400,52.8,0.15010063526330286,0.9924067921519703,-2563.9108414649963,2566.039906094782,0.0
26450,52.9,0.15466201298187007,0.9944797479180586,-2623.3172961473465,2626.212275294587,0.0
26500,53.0,0.15856117243168558,0.998057186885487,-2421.0817371606827,2488.8506645672023,0.0
26550,53.1,0.16116106988604978,0.9993448125994395,-2447.1508796811104,2478.410967748612,0.0
26600,53.2,0.1622059953000725,0.9977367036411722,-2591.881695985794,2552.7486052988097,0.0
26650,53.3,0.16440217967821544,0.9971516829016892,-2646.9528484642506,2684.6691475939006,0.0
26700,53.4,0.16238305166424358,0.9944340263560741,-2495.214366197586,2482.7079295516014,0.0
26750,53.5,0.1624692524356645,0.9919730725712116,-2490.4216463565826,2505.3634381107986,0.0
26800,53.6,0.16118278428626914,0.9888687796676712,-2466.6401509046555,2480.6278022844344,0.0
26850,53.7,0.15778879912531224,0.9907661841086761,-2474.9595586061478,2509.9454034417868,0.0
26900,53.8,0.1618668766876883,0.988379202441401,-2553.7974801063538,2582.596318986267,0.0
26950,53.9,0.16465888118153085,0.9856750062872718,-2550.4553033560514,2499.374263320118,0.0
27000,54.0,0.16726093008678586,0.9869163046627927,-2614.9294395446777,2561.7584823500365,0.0
27050,54.1,0.1693770728892976,0.9862521693857744,-2578.553541779518,2433.9431245848536,0.0
27100,54.2,0.17436508895248382,0.985436708379403,-2570.9780532866716,2446.615943601355,0.0
27150,54.3,0.1755528166324988,0.9833420236621281,-2733.2434077858925,2510.2661799639463,0.0
27200,54.4,0.17262430857746724,0.9830806642497625,-2683.5183420181274,2359.2024250924587,0.0
27250,54.5,0.17003972200822182,0.9829538790704044,-2848.209633603692,2527.220669830218,0.0
27300,54.6,0.17022842175704173,0.9848895458527493,-2582.0576027333736,2305.972501862794,0.0
27350,54.7,0.16632864054702937,0.9833539279727652,-2745.6206203103065,2370.700363459997,0.0
27400,54.8,0.16346599513940588,0.9826134744094551,-2681.3464760780334,2373.743582717143,0.0
27450,54.9,0.166262986447138,0.9825029986282334,-2877.620220899582,2503.135813416913,0.0
27500,55.0,0.16759352834601407,0.9806348791844818,-2795.2821620106697,2449.6055094655603,0.0
27550,55.1,0.16933530344143097,0.9779433873901041,-2748.0991382598877,2442.1446959730238,0.0
27600,55.2,0.16712539688064015,0.9772259699617253,-2817.6042079925537,2508.6954681389034,0.0
27650,55.3,0.16889797302590412,0.9757854498324575,-2732.991766870022,2454.605659265071,0.0
27700,55.4,0.1723035731928098,0.9767485686571593,-2659.892574906349,2444.8522105198354,0.0
27750,55.5,0.17126111704620653,0.9788128816290971,-2630.2912871986628,2432.94118861109,0.0
27800,55.6,0.16871494305481766,0.9822933174272975,-2746.3963363170624,2475.087336357683,0.0
27850,55.7,0.16832893549359265,0.9865191821182034,-2750.607424199581,2423.5438395664096,0.0
27900,55.8,0.1695025346675781,0.9905335972179647,-2666.4619337022305,2392.0490949228406,0.0
27950,55.9,0.16858170450615823,0.9953308501036142,-2595.1126965284348,2374.7575171105564,0.0
28000,56.0,0.16914484242413094,0.9990315385515248,-2639.836839079857,2462.1790877841413,0.0
28050,56.1,0.17178573251093862,1.0025093657374309,-2640.252171397209,2445.70540948445,0.0
28100,56.2,0.1728185863339989,1.0039225221784736,-2677.918309211731,2447.694388117641,0.0
28150,56.3,0.16948336391258487,1.004274021550962,-2710.5564670562744,2381.0396778546274,0.0
28200,56.4,0.16627379367251433,1.0028034762896572,-2727.7624399513006,2376.9341592472047,0.0
28250,56.5,0.16554567002650517,0.9989158217534837,-2691.651907801628,2365.020382953342,0.0
28300,56.6,0.16129083624217866,0.9948020005830737,-2722.806923866272,2416.7766444794834,0.0
28350,56.7,0.1572021831825646,0.9902647049955388,-2702.8422191143036,2403.0416996739805,0.0
28400,56.8,0.1573564544623248,0.9871601378233182,-2725.1852414608,2491.396467126906,0.0
28450,56.9,0.15537741643870465,0.9844004991082045,-2675.77460706234,2449.5946559030563,0.0
28500,57.0,0.1553506290411532,0.9855377459676631,-2664.9914932250977,2489.5942990630865,0.0
28550,57.1,0.15358749290255053,0.9867506617892194,-2650.1758584976196,2449.214496932924,0.0
28600,57.2,0.15443192195025396,0.9861837827509595,-2673.813435435295,2512.6992129478604,0.0
28650,57.3,0.15783118206050994,0.985981568573877,-2476.905958265066,2332.8129426287487,0.0
28700,57.4,0.16050490116960955,0.9875178667738658,-2519.3009108901024,2387.63519462198,0.0
28750,57.5,0.1639028693717372,0.9853463463313031,-2653.109963655472,2463.816745262593,0.0
28800,57.6,0.16676155634610496,0.9852849534908361,-2550.1145562529564,2375.888838842511,0.0
28850,57.7,0.16708326019902442,0.9851459583649027,-2686.426360026002,2492.3716392293572,0.0
28900,57.8,0.16598425319446458,0.9865031207686625,-2625.8251752853394,2384.778122479096,0.0
28950,57.9,0.16208892358901952,0.9887657975242293,-2672.278178691864,2378.6367565551773,0.0
29000,58.0,0.16082362755595478,0.9892346370065315,-2757.704288125038,2402.7815282270312,0.0
29050,58.1,0.15645745041863404,0.9887536129669038,-2691.2037550807,2431.6489478994627,0.0
29100,58.2,0.1568197670617991,0.9878134102673862,-2677.8735506534576,2397.1183021571487,0.0
29150,58.3,0.15737499178413938,0.9886435208829032,-2631.157661408186,2468.039567278698,0.0
29200,58.4,0.1577796521075437,0.9888555214612907,-2692.557365298271,2483.0752348164096,0.0
29250,58.5,0.15858601801652522,0.9911243196437388,-2654.5268028974533,2462.0177858010866,0.0
29300,58.6,0.15835384129595395,0.9921680268642388,-2660.433608531952,2350.9985328223556,0.0
29350,58.7,0.16083756590755213,0.9906164457089384,-2677.3646314144135,2418.026112994179,0.0
29400,58.8,0.15994190365972263,0.987478295228053,-2747.1487390995026,2518.752552136779,0.0
29450,58.9,0.15760845984503002,0.9863378460972856,-2665.540216386318,2486.5277598095126,0.0
29500,59.0,0.15747301792647225,0.9834259397467838,-2747.571166411042,2670.546422911808,0.0
29550,59.1,0.15822889237737028,0.9793278767629437,-2716.444137573242,2622.3126923665404,0.0
29600,59.2,0.1603293002338858,0.977527486090053,-2707.2488498687744,2524.0994617771357,0.0
29650,59.3,0.16093182517963736,0.9758797400833904,-2677.7354082763195,2472.729914603289,0.0
29700,59.4,0.16276989207050147,0.9769912392050774,-2770.346496284008,2515.7672943081707,0.0
29750,59.5,0.1679426962025476,0.9816700734472228,-2664.613651871681,2398.9858260294423,0.0
29800,59.6,0.16752563700845938,0.9848945757164197,-2702.608782827854,2385.6465581897646,0.0
29850,59.7,0.16720046320714677,0.985592411493596,-2673.639063537121,2428.3758793454617,0.0
29900,59.8,0.16368654358299264,0.9849678264560285,-2661.9245549440384,2539.0033317562193,0.0
29950,59.9,0.16212610844826475,0.9837925231479372,-2676.7767794132233,2550.1869290545583,0.0
30000,60.0,0.1614164348693568,0.9846395600244912,-2686.351529866457,2595.399103589356,0.0
30050,60.1,0.16159340488221913,0.9864041175040197,-2562.58966755867,2584.636653731577,0.0
30100,60.2,0.16499456797870293,0.9869825940592005,-2473.8599250912666,2520.668293941766,0.0
30150,60.3,0.16710741780721958,0.9856877040857416,-2619.502435684204,2654.760935907252,0.0
30200,60.4,0.16897593037370176,0.9852049191361825,-2579.9714440107346,2594.383672328666,0.0
30250,60.5,0.1698670567128595,0.9863539443679067,-2613.8166904747486,2533.2676560766995,0.0
30300,60.6,0.17202193548958275,0.9880497772625353,-2514.340271770954,2490.2861153297126,0.0
30350,60.7,0.16960695282144486,0.9876218707260761,-2547.8150959014893,2507.7536112703383,0.0
30400,60.8,0.1684903666955862,0.989687027064468,-2472.049670100212,2411.009765923023,0.0
30450,60.9,0.16630372816680264,0.990881628310695,-2456.21086114645,2397.851408254355,0.0
30500,61.0,0.16397459286119312,0.9908884694040275,-2525.4176733493805,2425.175323639065,0.0
30550,61.1,0.15943172687004184,0.9878343086242243,-2506.518898308277,2552.9659268362448,0.0
30600,61.2,0.15709210861684775,0.9853067147161244,-2485.904057621956,2505.32986597158,0.0
30650,61.3,0.1549615878828247,0.9804887099614266,-2643.0621575713158,2695.570180196315,0.0
30700,61.4,0.15738088802692113,0.9763606739633717,-2574.0270871520042,2588.620654590428,0.0
30750,61.5,0.15886785565388317,0.9745400778973495,-2511.6949133872986,2484.744116664864,0.0
30800,61.6,0.15715661223885696,0.9757863517211564,-2525.470807224512,2595.10889954865,0.0
30850,61.7,0.1561870338504761,0.9779029630401022,-2505.4220907092094,2489.5464251213707,0.0
30900,61.8,0.15699766467413953,0.9831946110319537,-2655.288368999958,2597.3559651970863,0.0
30950,61.9,0.15493484928598072,0.9852023853938857,-2565.339570045471,2441.756656691432,0.0
31000,62.0,0.15476454501540438,0.9859687493946554,-2504.5549902915955,2363.094135270454,0.0
31050,62.1,0.15657034668926353,0.9849425689236151,-2747.2476707696915,2538.8275332525373,0.0
31100,62.2,0.15688743827348167,0.9853846612168293,-2634.0376121997833,2425.979778062552,0.0
31150,62.3,0.15808067640383,0.987321879261033,-2609.680433899164,2526.3422748623416,0.0
31200,62.4,0.16339166345541425,0.9896260688636047,-2477.920582473278,2513.0215319227427,0.0
31250,62.5,0.16884102789896532,0.9910805436486153,-2492.9566722512245,2518.136139312759,0.0
31300,62.6,0.17059461463322317,0.9911289975008911,-2469.138386130333,2524.111978340894,0.0
31350,62.7,0.17133444340263,0.9923583240629266,-2651.1320575475693,2669.0759289860725,0.0
31400,62.8,0.1713932066327676,0.9899907505637213,-2625.0600311756134,2698.6328790890984,0.0
31450,62.9,0.17212259511234643,0.9873837632556008,-2391.4921524226665,2400.00812397711,0.0
31500,63.0,0.17192879092828744,0.9832412035713397,-2612.75182056427,2621.608804691583,0.0
31550,63.1,0.172787322033148,0.9799597115101933,-2631.7875102758408,2532.0891463793814,0.0
31600,63.2,0.17313639391703461,0.9805736415120183,-2810.601768910885,2674.0926564855035,0.0
31650,63.3,0.17412098704077353,0.9836575466304532,-2717.9015359282494,2566.883406286128,0.0
31700,63.4,0.17282926504586157,0.9856275532769746,-2500.425193309784,2358.6183658726513,0.0
31750,63.5,0.17205558511536886,0.9856511569629257,-2592.1281377077103,2431.742190014571,0.0
31800,63.6,0.17136632198072677,0.984368359716848,-2565.4227280020714,2430.8914360734634,0.0
31850,63.7,0.1697359600490575,0.9821014653956549,-2527.987444937229,2499.193251658231,0.0
31900,63.8,0.1689773369851991,0.9808141690022523,-2612.451209127903,2522.821847297251,0.0
31950,63.9,0.1682597657818257,0.9824345107351684,-2588.584995031357,2566.940182145685,0.0
32000,64.0,0.16496917003670256,0.9830732187481038,-2592.7806050777435,2529.6012395247817,0.0
32050,64.1,0.16128379202531834,0.9840156509862115,-2568.775725841522,2574.1861568414606,0.0
32100,64.2,0.15782284788031442,0.9848716376105675,-2576.8194484710693,2582.380269246176,0.0
32150,64.3,0.15497900247374374,0.9834963282658481,-2626.894566297531,2574.7917542825453,0.0
32200,64.4,0.15798498748935408,0.983366783954578,-2556.813463270664,2469.2302562389523,0.0
32250,64.5,0.15720368409150023,0.9829260263407336,-2673.903871178627,2565.3143433332443,0.0
32300,64.6,0.15711249509355676,0.9825611674063435,-2439.886299610138,2473.908559555188,0.0
32350,64.7,0.15724479978156863,0.983348758305316,-2519.779729783535,2529.8930581416935,0.0
32400,64.8,0.15612069075092683,0.982340484993597,-2518.3867321014404,2507.2319251932204,0.0
32450,64.9,0.1542086844839979,0.9819636042539218,-2667.197980582714,2608.987222089432,0.0
32500,65.0,0.15431940723460297,0.9851493181347205,-2514.5157029032707,2461.8725050762296,0.0
32550,65.1,0.15685712510329872,0.9896019757719845,-2626.277511358261,2558.605903041549,0.0
32600,65.2,0.158674719446064,0.9913295282693992,-2612.7504205703735,2611.017132621724,0.0
32650,65.3,0.15995440499235453,0.9940186907031402,-2564.9220871925354,2571.070888686925,0.0
32700,65.4,0.16329436866520783,0.9966707782375772,-2496.433746099472,2478.8855831064284,0.0
32750,65.5,0.16451876811530286,0.9960789595835474,-2463.227868832648,2444.4100679326802,0.0
32800,65.6,0.16233329716788017,0.9946095083291858,-2547.218095332384,2522.0157024636865,0.0
32850,65.7,0.16062847268721628,0.9923907239872565,-2494.5741707980633,2503.0227400856093,0.0
32900,65.8,0.1601792390023807,0.9894365111763931,-2643.198572486639,2493.2723740786314,0.0
32950,65.9,0.157094822089388,0.9860271007236323,-2632.6846680641174,2539.2923592154402,0.0
33000,66.0,0.15740022812814292,0.9827870833916014,-2639.201721906662,2549.357124905102,0.0
33050,66.1,0.15775172920654587,0.9786719132759483,-2581.609074652195,2360.55356602557,0.0
33100,66.2,0.15576533376162935,0.97719592297487,-2658.4992682933807,2505.7076459992677,0.0
33150,66.3,0.1555105928906687,0.9789415987545,-2614.927943646908,2434.534748863429,0.0
33200,66.4,0.155073229401148,0.9762144632517353,-2575.1695443093777,2423.38450545026,0.0
33250,66.5,0.15484295599216694,0.973127438418344,-2665.649258106947,2612.9348082412034,0.0
33300,66.6,0.15521581803084314,0.9695786054574684,-2623.4373722076416,2547.91578306444,0.0
33350,66.7,0.15578596652072932,0.9702548331275334,-2593.9633860588074,2446.495716938749,0.0
33400,66.8,0.15835633143559802,0.9687865379615012,-2801.637213587761,2555.096460540779,0.0
33450,66.9,0.16022155191167847,0.9707127757669904,-2853.001644462347,2585.356332393363,0.0
33500,67.0,0.1620991862157402,0.9737220941607142,-2694.8176894187927,2531.1486274302006,0.0
33550,67.1,0.16205765860495377,0.9778635184163443,-2805.0572178065777,2524.511920116842,0.0
33600,67.2,0.1663561186864141,0.9798129087026327,-2751.071667611599,2393.27418467775,0.0
33650,67.3,0.16322267313251354,0.9809058879389069,-2713.868018656969,2287.9935710076243,0.0
33700,67.4,0.16062799141147013,0.9826628230120721,-2750.5869011878967,2353.1529503315687,0.0
33750,67.5,0.16245949539236548,0.9820639212151951,-2746.9934301376343,2392.2180236801505,0.0
33800,67.6,0.16388502602978733,0.9803167045140089,-2734.5285034179688,2296.473996609915,0.0
33850,67.7,0.16525978681120118,0.980657241198319,-2809.986317873001,2388.790401633829,0.0
33900,67.8,0.1690815041376707,0.9826326175749088,-2711.635416150093,2380.9368238095194,0.0
33950,67.9,0.1738481049432883,0.9832407881457972,-2773.1770219802856,2398.558373466134,0.0
34000,68.0,0.17476880786665736,0.9805802561102267,-2840.8547044992447,2453.811683684122,0.0
34050,68.1,0.17730402359938452,0.979538256190131,-2879.558324098587,2479.1600121743977,0.0
34100,68.2,0.18170780741564246,0.9798618539324565,-2804.3499972075224,2418.2195875067264,0.0
34150,68.3,0.1811492975165618,0.9798056424986215,-2670.785158827901,2322.32048038044,0.0
34200,68.4,0.18086792538844687,0.981171015582427,-2751.858787357807,2454.6347733214498,0.0
34250,68.5,0.1791854884680286,0.9814122764581253,-2686.376910060644,2342.09922221303,0.0
34300,68.6,0.1806088170603352,0.9810956595626217,-2745.571610748768,2460.542091116309,0.0
34350,68.7,0.1782791577061127,0.9816697411710711,-2622.5287079811096,2413.256700236583,0.0
34400,68.8,0.17458005618637143,0.9828663297343244,-2762.8421223163605,2562.824374922551,0.0
34450,68.9,0.17155050353380483,0.9859645748147444,-2784.2448115944862,2618.2010151445866,0.0
34500,69.0,0.1693091034467933,0.9887257956552034,-2696.2635424137115,2456.728462550789,0.0
34550,69.1,0.16732347617040585,0.9898808662492175,-2680.855116009712,2444.7375259604305,0.0
34600,69.2,0.16810666422880702,0.9937112198867183,-2714.987870335579,2564.042407400906,0.0
34650,69.3,0.16640684915086723,0.9966235485838577,-2623.403216958046,2362.9821168314666,0.0
34700,69.4,0.16512405916151962,0.9965245013992322,-2696.6132400631905,2538.145105759613,0.0
34750,69.5,0.16628228837483372,0.9921830850269394,-2604.093710631132,2432.9316893331707,0.0
34800,69.6,0.16616700631369527,0.9891604245559751,-2788.9309968948364,2574.88217163831,0.0
34850,69.7,0.1663096711772297,0.986700154926446,-2652.2610595822334,2488.0508680455387,0.0
34900,69.8,0.16583896385781957,0.9853155457312045,-2705.663470029831,2628.348436653614,0.0
34950,69.9,0.16583271308734715,0.9857631337811481,-2579.356909275055,2485.3443736638874,0.0
35000,70.0,0.16485959564650107,0.9841149727203582,-2607.4616981744766,2525.333363223821,0.0
35050,70.1,0.16126476649481605,0.9824313430943792,-2525.7379854917526,2446.8282226100564,0.0
35100,70.2,0.1572075815626984,0.9820962765745117,-2560.1345821022987,2510.1626120191067,0.0
35150,70.3,0.15733339337324675,0.9821730488391602,-2511.6599407196045,2370.2452348116785,0.0
35200,70.4,0.15831986186184493,0.9844476107334827,-2575.21488904953,2427.173597510904,0.0
35250,70.5,0.160192849456706,0.9859035973721205,-2492.284618407488,2443.0113418418914,0.0
35300,70.6,0.15780820071771082,0.9866613119644584,-2565.9530575871468,2463.7517626024783,0.0
35350,70.7,0.15547537530306707,0.9868598612690113,-2501.6199571192265,2379.514505147934,0.0
35400,70.8,0.15474637909695563,0.9865214421719494,-2621.9582480192184,2524.2916998788714,0.0
35450,70.9,0.15284242265742212,0.9857318616189669,-2641.352560400963,2395.2830069065094,0.0
35500,71.0,0.15348072022829165,0.9849385549779947,-2637.8806496858597,2370.3526909425855,0.0
35550,71.1,0.15394822900299246,0.9846080753675205,-2753.6400742530823,2457.1253724414855,0.0
35600,71.2,0.15860050854076171,0.9880152720392683,-2657.7461292743683,2373.567182056606,0.0
35650,71.3,0.16437109851839313,0.9928019880735853,-2659.717118024826,2358.514169121161,0.0
35700,71.4,0.16932624762271925,0.9946599208972223,-2538.4868535995483,2296.581787571311,0.0
35750,71.5,0.17197164758816622,0.9938648737422813,-2705.6434583067894,2521.824058739934,0.0
35800,71.6,0.17798246574850815,0.9889972214402509,-2770.4641786813736,2565.5970790572464,0.0
35850,71.7,0.18427292741827855,0.9876563898052764,-2654.6637848317623,2371.9105795109645,0.0
35900,71.8,0.187566849368298,0.9901530190049375,-2700.5222821235657,2437.074499185197,0.0
35950,71.9,0.19038408743959498,0.9942525279020415,-2661.650909304619,2444.241311670281,0.0
36000,72.0,0.19285200245786044,0.9968870092101287,-2598.1198449134827,2398.414286453277,0.0
36050,72.1,0.19279314221681712,1.0003999667989587,-2699.7560774087906,2435.7892391979694,0.0
36100,72.2,0.19230092623346584,1.0018930491003455,-2720.0152042508125,2496.9600386805832,0.0
36150,72.3,0.19327981079000423,1.0025910654700023,-2634.774039387703,2323.3621033672243,0.0
36200,72.4,0.191976435883231,0.99993795538337,-2666.1419790387154,2313.8271041465923,0.0
36250,72.5,0.19016018454592812,0.9970533703748363,-2651.728016138077,2483.004720736295,0.0
36300,72.6,0.189729885235634,0.9915675977169851,-2754.3408917188644,2478.413072504103,0.0
36350,72.7,0.18755922945699866,0.9866460480615199,-2693.9699417948723,2371.340134318918,0.0
36400,72.8,0.1850385390857738,0.980762676542692,-2762.238655567169,2481.0805509500206,0.0
36450,72.9,0.18370238899366612,0.9769667976471009,-2639.1987314224243,2409.8254974316806,0.0
36500,73.0,0.18005936522705276,0.9739700825269414,-2661.7802810668945,2490.4348440659232,0.0
36550,73.1,0.17970391037817607,0.971952939045482,-2658.853752732277,2526.4106959495693,0.0
36600,73.2,0.179563085755657,0.9698452287434178,-2659.210040807724,2517.3870245181024,0.0
36650,73.3,0.17941434324171396,0.9713300409402355,-2686.2962256371975,2571.8810196591076,0.0
36700,73.4,0.1794664048172739,0.9711909257391582,-2708.1552334427834,2530.470655785408,0.0
36750,73.5,0.17884321624854713,0.9700178442785026,-2785.0565502643585,2584.1615122500807,0.0
36800,73.6,0.17719997683238425,0.9674511444707272,-2562.476817369461,2496.0216323509812,0.0
36850,73.7,0.1742800385161758,0.9677206082417674,-2643.2499966323376,2521.8974374867976,0.0
36900,73.8,0.17205295071547458,0.9689742436106344,-2624.254649400711,2544.6443395465612,0.0
36950,73.9,0.17143895397385134,0.9700806846912636,-2470.3989473581314,2478.450091043487,0.0
37000,74.0,0.17186159879609517,0.9694629783967647,-2531.5969212055206,2557.6768291704357,0.0
37050,74.1,0.17137311587385534,0.9681645161917594,-2551.2033002376556,2584.7968885824084,0.0
37100,74.2,0.1677623730179096,0.9686646734669024,-2564.8191776275635,2597.965084914118,0.0
37150,74.3,0.16357966912217853,0.9729299373556068,-2454.427881717682,2455.7257445454597,0.0
37200,74.4,0.16130517856332896,0.9755648009569046,-2524.230293661356,2459.7068247906864,0.0
37250,74.5,0.16289297523679458,0.9774954185113099,-2543.9715492725372,2486.212311167503,0.0
37300,74.6,0.16714012388257907,0.9799708233174249,-2486.879654586315,2507.863245828077,0.0
37350,74.7,0.16702373457247713,0.981618904473879,-2537.40851059556,2599.9908198770136,0.0
37400,74.8,0.16957107198572716,0.9835169534264179,-2599.8618074655533,2573.8922551982105,0.0
37450,74.9,0.17273279004671852,0.9838614585133753,-2591.102688997984,2462.65073834965,0.0
37500,75.0,0.1708735385871542,0.9820008718774225,-2718.8440676927567,2614.5877970419824,0.0
37550,75.1,0.1717424113738247,0.9800533765389895,-2609.107407927513,2509.7042378466576,0.0
37600,75.2,0.1703978683687158,0.9785996561036951,-2610.8187000751495,2558.9413014166057,0.0
37650,75.3,0.17201281434516089,0.9791454284483966,-2643.756181001663,2534.507417295128,0.0
37700,75.4,0.17340916221437755,0.9815012406084602,-2490.312234044075,2377.88549153693,0.0
37750,75.5,0.17598325018596186,0.983612253247051,-2641.407681941986,2516.6846006661654,0.0
37800,75.6,0.1774187744458142,0.9830363312120182,-2545.046025931835,2453.48518240219,0.0
37850,75.7,0.17775206436476484,0.9845996153207381,-2451.974324554205,2439.181100813672,0.0
37900,75.8,0.18157006211667598,0.9835971068256263,-2494.8798946738243,2450.949663195759,0.0
37950,75.9,0.18626126364081091,0.9835201836598169,-2577.9739823788404,2553.541861500591,0.0
38000,76.0,0.1892764503825549,0.9831802532729059,-2569.4428646862507,2529.923142524436,0.0
38050,76.1,0.18858594697941938,0.9810664097379335,-2468.3592804670334,2472.170118123293,0.0
38100,76.2,0.18766218035544768,0.9814253220689757,-2567.326072216034,2550.875609813258,0.0
38150,76.3,0.18561355786569342,0.983813272172479,-2536.366053879261,2535.9039459079504,0.0
38200,76.4,0.18128922605039166,0.9839785130056955,-2563.3755051493645,2550.5997051633894,0.0
38250,76.5,0.17878042621539378,0.984122982417985,-2489.0545330941677,2514.3347408361733,0.0
38300,76.6,0.1764909447845556,0.9819188472123231,-2494.4050949811935,2542.3102056756616,0.0
38350,76.7,0.17543344165440583,0.9828421161285652,-2605.8110726475716,2635.5512135270983,0.0
38400,76.8,0.1738087665334923,0.9849582114972671,-2632.2251098155975,2636.05113282986,0.0
38450,76.9,0.17313041932316778,0.9880500567298326,-2559.545415967703,2497.4656063932925,0.0
38500,77.0,0.17443890692826466,0.9915185696704326,-2504.7510249614716,2462.3587697967887,0.0
38550,77.1,0.17774594842530037,0.9950011930408866,-2597.5520327091217,2557.2934026308358,0.0
38600,77.2,0.18275263421050078,0.9973708233248365,-2514.3246269226074,2494.786536373198,0.0
38650,77.3,0.18268696740043464,0.9994721557391131,-2549.253907263279,2642.7766074724495,0.0
38700,77.4,0.18050986040628247,1.0021433279173793,-2586.7462314367294,2568.886980733834,0.0
38750,77.5,0.1753863678185131,1.002656016719452,-2602.6177752912045,2640.0214019976556,0.0
38800,77.6,0.1727382067861989,1.002304201298024,-2518.6913915872574,2539.7536531174555,0.0
38850,77.7,0.17072533757805894,1.0028225218108302,-2596.30918776989,2595.821788614616,0.0
38900,77.8,0.1667347782822972,1.0005712473161825,-2531.269386306405,2493.894784554839,0.0
38950,77.9,0.16380056042529292,1.0009166101890123,-2473.9289825856686,2412.989990424365,0.0
39000,78.0,0.16289504827685553,1.000389512076244,-2707.02661216259,2642.828031839803,0.0
39050,78.1,0.16424265585342016,0.9977840975339206,-2589.0294926166534,2562.653536133468,0.0
39100,78.2,0.1647924376042993,0.9943078995940866,-2497.247574567795,2529.959783375263,0.0
39150,78.3,0.16173855186125757,0.9912628034460741,-2566.7229169607162,2547.466701240279,0.0
39200,78.4,0.1614783096263995,0.9906003829071134,-2558.254407286644,2547.5573892463,0.0
39250,78.5,0.1635555339324472,0.9903406856699981,-2555.469467625022,2466.2445656508207,0.0
39300,78.6,0.16512758612666015,0.9925808018558863,-2516.069251835346,2484.8906589578837,0.0
39350,78.7,0.16571878207811078,0.9947722004872358,-2544.692250609398,2431.305010890588,0.0
39400,78.8,0.16668523239727856,0.9976387492655444,-2640.728082329035,2586.2075420059264,0.0
39450,78.9,0.16430849553936283,1.0006583244777973,-2522.3273527622223,2428.7006150837988,0.0
39500,79.0,0.16742008359735402,1.0034881408803666,-2525.882167816162,2312.488902160898,0.0
39550,79.1,0.16915046486020083,1.0023883994570757,-2660.1208550035954,2435.877638979815,0.0
39600,79.2,0.17048173518845505,1.0011509948946036,-2677.4125007390976,2344.603788254084,0.0
39650,79.3,0.16979634924372622,0.9981942736917231,-2718.787543594837,2352.329945379868,0.0
39700,79.4,0.16820286623353817,0.9961081022605873,-2803.232110977173,2499.6233730502427,0.0
39750,79.5,0.16839807329543652,0.9938311389879427,-2722.1091038882732,2426.373220141977,0.0
39800,79.6,0.1709672479913233,0.9914668312020886,-2758.638932466507,2558.0231194384396,0.0
39850,79.7,0.17247203147134002,0.9895022067188013,-2643.103584766388,2443.082455263473,0.0
39900,79.8,0.17368031887453086,0.9901438252679863,-2713.1616358309984,2475.5101239532232,0.0
39950,79.9,0.1702668276105764,0.9927672160964539,-2584.938777446747,2508.391710471362,0.0
40000,80.0,0.1678680512190379,0.9952619633864458,-2508.66546612978,2442.2980270739645,0.0
40050,80.1,0.1633981423565724,0.9961296036586091,-2615.9878745526075,2461.4204503707588,0.0
40100,80.2,0.16071022737297916,0.9978088891658032,-2557.4435961842537,2464.1082249525934,0.0
40150,80.3,0.1608747231098275,0.9973552331805139,-2687.2927817106247,2500.6773323900998,0.0
40200,80.4,0.16046369898425045,0.9977501780918748,-2566.917795419693,2509.876894357614,0.0
40250,80.5,0.16069937138524143,1.0000558010791907,-2587.273136973381,2444.587822051719,0.0
40300,80.6,0.1617780925592976,0.999927833205739,-2630.1060424149036,2485.9193539321423,0.0
40350,80.7,0.16176974929543522,0.998304129578969,-2685.1225136071444,2471.8043979741633,0.0
40400,80.8,0.16472945980874013,0.9980015175921199,-2576.7535486221313,2346.8936921237037,0.0
40450,80.9,0.16711163756056438,0.9986379181536129,-2574.184278011322,2456.6496041566133,0.0
40500,81.0,0.1663613587251688,0.9967328274317054,-2571.2610013484955,2347.8953162534162,0.0
40550,81.1,0.1652296281570901,0.9961449784755954,-2496.303323239088,2463.1577676162124,0.0
40600,81.2,0.16370270389035904,0.9929496447550571,-2572.926687657833,2568.8430569693446,0.0
40650,81.3,0.16449847974253953,0.9914496984815684,-2628.7031058073044,2518.4522403422743,0.0
40700,81.4,0.16358973589370998,0.993643545594357,-2683.399287343025,2616.0073149893433,0.0
40750,81.5,0.1619981169696897,0.9965814966126988,-2667.033846974373,2622.9464526968077,0.0
40800,81.6,0.16205367996001177,0.997007502117325,-2551.0753504633904,2481.6233994895592,0.0
40850,81.7,0.16294799375430205,0.996374619695952,-2572.654720902443,2480.046143842861,0.0
40900,81.8,0.15760871483583752,0.9980223065696302,-2603.871281862259,2554.9807152878493,0.0
40950,81.9,0.15172426676231657,1.0004020584244322,-2659.209951400757,2595.901860019192,0.0
41000,82.0,0.14856950042705636,1.0011357525033082,-2635.154022976756,2575.8773769959807,0.0
41050,82.1,0.1469652360444705,1.0030088470255114,-2467.5541694164276,2424.0776177952066,0.0
41100,82.2,0.14316440269791486,0.9992353480830973,-2598.1166713237762,2486.0090690020006,0.0
41150,82.3,0.14219708654332908,0.9968194542037455,-2513.5659921765327,2499.404119202867,0.0
41200,82.4,0.1415360130397031,0.9929825254785335,-2636.1865012943745,2620.288922571577,0.0
41250,82.5,0.14294614328485644,0.9900892730237916,-2562.9702775478363,2491.5234603583813,0.0
41300,82.6,0.14344888185746155,0.9867967822378398,-2624.827135205269,2503.037552844733,0.0
41350,82.7,0.14563451419458667,0.9835198295437413,-2659.677832365036,2463.152340903878,0.0
41400,82.8,0.14613045347226108,0.978962585470659,-2682.697135925293,2508.4291560016572,0.0
41450,82.9,0.1496383526900808,0.9775596353261199,-2579.5037050247192,2438.087630212307,0.0
41500,83.0,0.15169651147267432,0.9783506182288371,-2657.5150986909866,2499.814863855019,0.0
41550,83.1,0.1532057132587089,0.9808001672662899,-2732.3821717500687,2585.048636848107,0.0
41600,83.2,0.15457508498727068,0.9807242909788684,-2609.7089545726776,2373.6804682505317,0.0
41650,83.3,0.154876791473743,0.9784878718907918,-2720.448088899255,2423.6372914537787,0.0
41700,83.4,0.15461344892023926,0.9767003749462303,-2724.8074208498,2496.9427372757345,0.0
41750,83.5,0.15298658965434173,0.9752130039280786,-2664.897998034954,2420.6717709043296,0.0
41800,83.6,0.15136300426966529,0.9768416928274208,-2782.8052139282227,2481.3529632072896,0.0
41850,83.7,0.15408838142717476,0.980114100025144,-2667.245605111122,2382.599132221192,0.0
41900,83.8,0.15732486641136884,0.9824719752864784,-2693.0115855038166,2521.38290421851,0.0
41950,83.9,0.16056166466514965,0.9858945418971101,-2722.3649402558804,2484.7002561413683,0.0
42000,84.0,0.16216635120858963,0.988437830252569,-2650.9010912775993,2464.3775846455246,0.0
42050,84.1,0.1618115712959999,0.9887101088908452,-2506.7950606942177,2344.7426313031465,0.0
42100,84.2,0.16257920143938112,0.988554358132025,-2587.1487085819244,2460.843925458379,0.0
42150,84.3,0.16376611708790106,0.9864311098496746,-2485.825104892254,2346.9367464743555,0.0
42200,84.4,0.16191345300471477,0.983414070853776,-2625.748921364546,2469.076691750437,0.0
42250,84.5,0.16289343013887067,0.9820471657160255,-2615.4613990187645,2545.3615683000535,0.0
42300,84.6,0.16297039956126505,0.9804655454499078,-2554.8732396662235,2513.123483138159,0.0
42350,84.7,0.1625339573937837,0.9773191100680172,-2616.792401447892,2505.1519080251455,0.0
42400,84.8,0.16525370266230663,0.9737469098539089,-2581.3169419765472,2448.4765727445483,0.0
42450,84.9,0.1673139445192304,0.9690062924287904,-2666.370216012001,2534.8505884651095,0.0
42500,85.0,0.1696167529007903,0.9656149048266951,-2556.9301500320435,2549.9476625996176,0.0
42550,85.1,0.16892455660124284,0.9667205654088368,-2641.3901250362396,2580.659060585778,0.0
42600,85.2,0.16529235707820872,0.9683340258781197,-2556.0083216428757,2437.806591125205,0.0
42650,85.3,0.16176554416490987,0.9701610181743525,-2566.904224395752,2475.8825249783695,0.0
42700,85.4,0.1611178385487812,0.9741503501233931,-2691.711119413376,2566.3899188004434,0.0
42750,85.5,0.16336701937407516,0.9786489201294706,-2689.4536418914795,2500.098951215856,0.0
42800,85.6,0.16596523196210683,0.9843187909016733,-2693.980430841446,2446.340585142374,0.0
42850,85.7,0.1661010812710186,0.9887827293288246,-2795.739539027214,2583.921929624863,0.0
42900,85.8,0.16802941522134573,0.9925687323910679,-2499.2519710361958,2370.843295210041,0.0
42950,85.9,0.16735324978306923,0.9945501382044413,-2712.531478226185,2622.1271393243223,0.0
43000,86.0,0.16666693866592072,0.993110445407756,-2686.6419779658318,2521.9917585887015,0.0
43050,86.1,0.16631577636497513,0.9922341357689505,-2660.5994666814804,2479.4323927909136,0.0
43100,86.2,0.16374608848418523,0.9903236869840218,-2711.9663405418396,2512.1695854589343,0.0
43150,86.3,0.16051259144550578,0.9886878776424141,-2694.072340965271,2559.668246375397,0.0
43200,86.4,0.1578278628873701,0.9854312497551027,-2820.314851641655,2556.9679718669504,0.0
43250,86.5,0.15299035510546843,0.9815787343810665,-2689.39036411047,2367.649395870045,0.0
43300,86.6,0.15140012845367415,0.9777401920403297,-2700.7369747161865,2387.630677981302,0.0
43350,86.7,0.15157400750710845,0.975473242310125,-2752.450858771801,2402.0593184791505,0.0
43400,86.8,0.15099310692170434,0.976197005403798,-2759.585034251213,2443.6260136961937,0.0
43450,86.9,0.15285887339187434,0.9795534448592009,-2636.958136320114,2348.401240756735,0.0
43500,87.0,0.15205018309821294,0.9808323252492488,-2723.5940952301025,2470.2287748344243,0.0
43550,87.1,0.15303143044588502,0.9828458640057323,-2635.57034227252,2406.156760532409,0.0
43600,87.2,0.15251785452057934,0.985025143742785,-2698.143002271652,2432.604895661585,0.0
43650,87.3,0.1522172652745123,0.9860680285775026,-2711.5236070156097,2394.375062180683,0.0
43700,87.4,0.14943104422317074,0.9848522819584952,-2717.659097671509,2531.7324998173863,0.0
43750,87.5,0.1485085203230267,0.9839330553765195,-2599.974711060524,2490.4410211481154,0.0
43800,87.6,0.14735468749637629,0.9863342658462163,-2710.719849213958,2631.288119578734,0.0
43850,87.7,0.14926206470236728,0.986863871087693,-2673.4364292621613,2606.2463024314493,0.0
43900,87.8,0.14994957146512375,0.9880127848485746,-2565.2538352012634,2446.6281739510596,0.0
43950,87.9,0.152173575109561,0.9885139142080416,-2574.849142432213,2538.2930365912616,0.0
44000,88.0,0.15163529399155623,0.9904226832281898,-2547.543409228325,2456.3637890666723,0.0
44050,88.1,0.1517871047262463,0.9901167783971051,-2506.358566135168,2468.0756237576716,0.0
44100,88.2,0.14961317837644014,0.9902265472210908,-2552.3406258821487,2576.9833578132093,0.0
44150,88.3,0.1523680182477458,0.9882626444668684,-2572.913590863347,2666.8433712795377,0.0
44200,88.4,0.15430578380849955,0.9853053688089427,-2484.330906391144,2397.781192710623,0.0
44250,88.5,0.1571527185014568,0.9831835192052953,-2527.5101877450943,2461.930499428883,0.0
44300,88.6,0.15660026084262854,0.9829865522833827,-2651.711879879236,2517.0159397237003,0.0
44350,88.7,0.1578246343904932,0.9811365656152329,-2644.7885390520096,2621.46666479297,0.0
44400,88.8,0.15489728835141067,0.97838302672166,-2543.5187933444977,2542.5452137286775,0.0
44450,88.9,0.15011571350751102,0.9764540783939017,-2758.18594789505,2660.4796151090413,0.0
44500,89.0,0.14977106303623464,0.9744552787334965,-2621.7631715536118,2562.571526237065,0.0
44550,89.1,0.1504051992425538,0.9743164179250222,-2649.33602052927,2486.3642855659127,0.0
44600,89.2,0.15116356642586035,0.9752996179170034,-2520.705839663744,2484.7156312540174,0.0
44650,89.3,0.15388154434725201,0.9773463251498188,-2565.15205937624,2532.666786373593,0.0
44700,89.4,0.1569104591775869,0.9804619682150282,-2529.746365904808,2423.9576748479158,0.0
44750,89.5,0.16109454735287052,0.9838466652225151,-2584.217835664749,2546.783706523478,0.0
44800,89.6,0.1653462213855199,0.9846669779399688,-2631.1442341804504,2575.9008539430797,0.0
44850,89.7,0.16867852945959258,0.9839774424460169,-2687.8437411785126,2546.5292772985995,0.0
44900,89.8,0.17136994263692296,0.9815839972995156,-2577.6579077243805,2469.0562612377107,0.0
44950,89.9,0.17189644318513608,0.9797857995981067,-2485.550622522831,2413.7825588751584,0.0
45000,90.0,0.17188565948221438,0.9803168389116835,-2674.109990000725,2519.0150952525437,0.0
45050,90.1,0.17205411461619152,0.9823411616843734,-2500.7060062885284,2379.623713064939,0.0
45100,90.2,0.1730197040557035,0.9865681658251626,-2626.1731280088425,2499.8236155186314,0.0
45150,90.3,0.1758847193938869,0.9881823948017887,-2601.3726486563683,2501.245647124946,0.0
45200,90.4,0.17904906466450943,0.9863040690622924,-2574.1061890125275,2436.9030943997204,0.0
45250,90.5,0.18221023139615217,0.9843387598525704,-2573.920203924179,2485.7069245185703,0.0
45300,90.6,0.17926976006545267,0.9829934124099133,-2563.4824991226196,2490.232579432428,0.0
45350,90.7,0.17720213600137047,0.9823602385438103,-2665.7380697727203,2507.7519071027637,0.0
45400,90.8,0.17625728322321518,0.9801246401575026,-2614.657759666443,2475.058045439422,0.0
45450,90.9,0.1747750446792581,0.9781964275700408,-2644.3747886419296,2358.4918537093326,0.0
45500,91.0,0.17204126165832653,0.9787684814115055,-2583.3069040477276,2434.89622791484,0.0
45550,91.1,0.1726704975532416,0.9816669904877335,-2629.782445549965,2574.4435399100184,0.0
45600,91.2,0.1721114384259668,0.984444728860191,-2495.417389035225,2512.3459831395885,0.0
45650,91.3,0.17080204259875714,0.9860067763292271,-2562.6684762239456,2539.091192835942,0.0
45700,91.4,0.16997495424120138,0.9862200432502701,-2663.266834139824,2470.814975040965,0.0
45750,91.5,0.16892058100633092,0.9827718587257905,-2584.7615282535553,2513.5715573579073,0.0
45800,91.6,0.1657145561790761,0.9778959763413041,-2528.7359924316406,2532.7773613370955,0.0
45850,91.7,0.1624223713067956,0.9722809980174225,-2578.1426619291306,2524.8726334758103,0.0
45900,91.8,0.16296673876751908,0.9683407887369984,-2546.7090229690075,2575.314729131758,0.0
45950,91.9,0.16219629806940705,0.9674332637905896,-2632.6209408044815,2606.990434091538,0.0
46000,92.0,0.1594749493441555,0.968458663708172,-2632.1778950691223,2549.59007711336,0.0
46050,92.1,0.15894156468332876,0.9709276660417183,-2608.0350193977356,2372.054729724303,0.0
46100,92.2,0.15713042242092434,0.9722004779857016,-2533.207382917404,2347.476296246052,0.0
46150,92.3,0.1534387032868925,0.9751239046914063,-2675.774462580681,2501.16563325841,0.0
46200,92.4,0.1494506891190449,0.9767797482041489,-2703.307571709156,2557.274435456842,0.0
46250,92.5,0.14668471507861516,0.9801118693718857,-2620.9202697873116,2599.4233663231134,0.0
46300,92.6,0.14511901846142602,0.9838721992703687,-2716.028343319893,2627.734602455981,0.0
46350,92.7,0.1465961455107863,0.9863786496757997,-2573.24515914917,2580.463228629902,0.0
46400,92.8,0.14672668531845215,0.9889441771000486,-2612.308382868767,2481.37706576474,0.0
46450,92.9,0.14964430391053238,0.9908278484318476,-2631.9746102690697,2359.5241565499455,0.0
46500,93.0,0.14610829101763168,0.9918579316896134,-2584.3365099430084,2516.47353624925,0.0
46550,93.1,0.14677602566585266,0.9912347800264159,-2594.985743045807,2527.4745219182223,0.0
46600,93.2,0.14763153492390282,0.9910624198762764,-2481.4268951416016,2501.5199343208224,0.0
46650,93.3,0.14760802517182703,0.9920454197272166,-2537.4636169970036,2491.8708460945636,0.0
46700,93.4,0.1492170785138172,0.9929700083582859,-2632.072354257107,2540.4513211399317,0.0
46750,93.5,0.15252568703933045,0.9954415053526572,-2549.1670365333557,2522.53663559258,0.0
46800,93.6,0.1544404660519403,0.9980179329815925,-2748.7988998889923,2710.2342999838293,0.0
46850,93.7,0.15968598315776814,0.9962187917799735,-2513.8212220668793,2511.2684259247035,0.0
46900,93.8,0.16128551164802327,0.9938169883771073,-2497.8621480464935,2504.16306526307,0.0
46950,93.9,0.1664710212253484,0.9903560871074857,-2474.7238986492157,2454.025866338983,0.0
47000,94.0,0.16935787269984479,0.9879431551579169,-2444.875308036804,2401.152640260756,0.0
47050,94.1,0.1687702753503905,0.9892253968297613,-2474.3535240888596,2458.9580404553562,0.0
47100,94.2,0.16724629467049992,0.9890600624260951,-2556.393263578415,2571.8584679476917,0.0
47150,94.3,0.16254129215411298,0.986790877114606,-2630.9127626419067,2551.6985800471157,0.0
47200,94.4,0.15537141088619588,0.9858235738192377,-2484.7026957273483,2418.9121557362378,0.0
47250,94.5,0.1519781518499788,0.9832609449721358,-2627.7728008031845,2483.066007692367,0.0
47300,94.6,0.15248347421322847,0.9810858586113582,-2607.2123670578003,2488.4667520411313,0.0
47350,94.7,0.153506581214821,0.9804674589131439,-2735.0442398786545,2614.393909741193,0.0
47400,94.8,0.1537889502263984,0.9789184687157905,-2644.565093755722,2613.0805860720575,0.0
47450,94.9,0.1522957634410726,0.9772449532204158,-2590.333698272705,2614.6042013140395,0.0
47500,95.0,0.15334613907653896,0.9746045234530039,-2586.317756175995,2491.8354712657165,0.0
47550,95.1,0.15497338164757615,0.9753901842429641,-2502.2327151298523,2435.0468397028744,0.0
47600,95.2,0.1579298548454299,0.9768316293691613,-2599.809581875801,2421.7972728051245,0.0
47650,95.3,0.1587404361167038,0.9772944472972344,-2579.3694593906403,2460.9675256293267,0.0
47700,95.4,0.15826850949492702,0.9796537659323439,-2635.802698135376,2495.7044920464978,0.0
47750,95.5,0.16214171076768355,0.9833337839270345,-2586.1336055994034,2366.311028610915,0.0
47800,95.6,0.1640979914985879,0.9880756316920393,-2598.0374158620834,2334.293940797448,0.0
47850,95.7,0.16465568734328412,0.9913172436527735,-2670.44087100029,2450.536075219512,0.0
47900,95.8,0.1651172508408054,0.9942532089419609,-2689.6806745529175,2418.8145699519664,0.0
47950,95.9,0.16550801014346833,0.9932695717835456,-2638.6259056329727,2443.429300352931,0.0
48000,96.0,0.16622670742135562,0.9923721624100278,-2652.8804709911346,2444.6787635348737,0.0
48050,96.1,0.1669793573751738,0.9947580546187151,-2683.9065148830414,2472.1370805054903,0.0
48100,96.2,0.1675263286838144,0.9941525263783478,-2694.3775095939636,2515.323354996741,0.0
48150,96.3,0.1669904889469693,0.9909900337087363,-2703.5670745670795,2541.9835079666227,0.0
48200,96.4,0.16743595772102257,0.9884356399222467,-2718.4292085170746,2502.1441789120436,0.0
48250,96.5,0.16481963815358347,0.9853006293745857,-2763.942438840866,2509.519423739519,0.0
48300,96.6,0.1648548866756655,0.9861347347165621,-2806.6797437667847,2520.957246709615,0.0
48350,96.7,0.16463998038325908,0.9867016709138635,-2582.55921626091,2364.2377081718296,0.0
48400,96.8,0.16305106025841234,0.9883127278409792,-2572.2602138519287,2357.713843803853,0.0
48450,96.9,0.16219716781653065,0.9874744066600427,-2709.7201875448227,2448.3384900316596,0.0
48500,97.0,0.16209766676833534,0.9878846680373269,-2642.244719982147,2464.026292823255,0.0
48550,97.1,0.16125547957286063,0.988177051998355,-2551.304142475128,2346.485115437885,0.0
48600,97.2,0.1628517774744835,0.9894494625545865,-2696.401685476303,2452.5360139608383,0.0
48650,97.3,0.16327974009544907,0.9911656265517157,-2599.5368213653564,2333.4944546679035,0.0
48700,97.4,0.1638434502769575,0.9923957533240491,-2736.496702671051,2518.2490164968185,0.0
48750,97.5,0.16752443182405044,0.9939351587653026,-2649.2955510616302,2413.811579544097,0.0
48800,97.6,0.16995175179999547,0.9932250708579335,-2723.608946084976,2492.502683110535,0.0
48850,97.7,0.17106927425431295,0.9912905425945188,-2585.47709441185,2327.5072686488274,0.0
48900,97.8,0.1706590477097066,0.9887410626163098,-2691.873617053032,2434.479437779635,0.0
48950,97.9,0.1678505886577645,0.9848383543697917,-2820.680857717991,2513.8712686896324,0.0
49000,98.0,0.16712582046366,0.983779943051243,-2792.6461884975433,2474.7317694849335,0.0
49050,98.1,0.16720167619253443,0.9838364653359014,-2630.0545758008957,2374.7154642418027,0.0
49100,98.2,0.16865841254200048,0.9843852388729544,-2510.9048368930817,2308.3947583753616,0.0
49150,98.3,0.1674925223179974,0.9853932157672384,-2666.3894382715225,2461.3993926049443,0.0
49200,98.4,0.1682337171354029,0.9837452280941725,-2642.4838030338287,2406.496736098081,0.0
49250,98.5,0.1693178860518029,0.9809749339758049,-2631.13920211792,2447.618747665547,0.0
49300,98.6,0.1716700525326856,0.9789495238594277,-2742.8691675662994,2512.7873145006597,0.0
49350,98.7,0.17191488405656538,0.9775697601079032,-2636.3248007297516,2529.942932713777,0.0
49400,98.8,0.17257312739306943,0.9774312454683558,-2475.682764530182,2356.8630852736533,0.0
49450,98.9,0.17172131568035154,0.9785361910488668,-2547.151820898056,2450.746168602258,0.0
49500,99.0,0.17160103667513316,0.978950788341026,-2674.1705715060234,2576.262230506167,0.0
49550,99.1,0.16878876774942828,0.9788853206615746,-2540.6245188117027,2529.672171931714,0.0
49600,99.2,0.1672752968429063,0.9821653141177971,-2665.994665145874,2635.9259714074433,0.0
49650,99.3,0.16530377762821274,0.9854225302005001,-2494.000776529312,2445.384818916209,0.0
49700,99.4,0.1660722346042604,0.9922837407568792,-2620.6558846235275,2566.755852524191,0.0
49750,99.5,0.16936484927724738,0.9949278951233441,-2624.227770924568,2581.9835155420005,0.0
49800,99.6,0.1761783860420001,0.9976890307509746,-2581.623311340809,2583.4041179455817,0.0
49850,99.7,0.17810017080944116,0.9976847169720111,-2752.3214790821075,2618.8994595594704,0.0
49900,99.8,0.18265794056945422,0.9967723374086822,-2639.7135996818542,2449.4276452586055,0.0
49950,99.9,0.18407090048260188,0.996218300325409,-2683.8172189593315,2534.070845763199,0.0
50000,100.0,0.18638773669889658,0.996235501002165,-2712.6882714033127,2480.3006484424695,0.0
